merchant_id,segment_id
MID101361,0
MID103411,0
MID100031,0
MID100878,0
MID103300,0
MID101990,0
MID102005,0
MID103460,0
MID103671,0
MID103499,0
MID105217,0
MID104200,0
MID102649,0
MID105720,0
MID101581,0
MID100232,0
MID103936,0
MID100733,0
MID105074,0
MID102157,0
MID101630,0
MID104666,0
MID104089,2
MID101417,0
MID101112,0
MID101172,2
MID101212,0
MID102564,0
MID104731,0
MID103475,0
MID100573,0
MID105979,0
MID104715,2
MID104385,2
MID102982,0
MID101467,0
MID103292,0
MID101328,2
MID103965,0
MID101923,0
MID104580,0
MID102006,0
MID103522,0
MID103621,0
MID104394,0
MID105444,0
MID105316,0
MID101826,0
MID103868,0
MID101718,1
MID104555,0
MID102581,0
MID101252,0
MID100856,0
MID104753,0
MID100371,0
MID104376,0
MID104013,0
MID103699,0
MID101120,0
MID103925,1
MID103981,2
MID103033,0
MID103710,1
MID100910,0
MID100402,0
MID105027,0
MID102270,0
MID105080,0
MID105845,1
MID101519,2
MID104038,0
MID102890,0
MID102182,0
MID100945,1
MID103215,0
MID104867,1
MID102265,2
MID100584,0
MID103513,1
MID105508,2
MID103501,1
MID100298,0
MID100657,0
MID105140,0
MID104977,0
MID104277,0
MID103836,0
MID104539,2
MID102762,0
MID100618,0
MID100457,2
MID102790,1
MID105851,1
MID102395,1
MID101870,0
MID103128,0
MID100268,1
MID102906,0
MID103775,0
MID104497,2
MID102577,0
MID105423,0
MID100305,2
MID105758,0
MID105766,2
MID105457,2
MID103918,0
MID105798,0
MID105016,0
MID103271,1
MID101429,0
MID101871,0
MID104220,1
MID105857,0
MID105307,2
MID102567,0
MID103109,0
MID103375,0
MID105433,1
MID101426,1
MID100989,0
MID101372,0
MID104909,0
MID104741,1
MID103410,1
MID104624,0
MID104639,0
MID103070,0
MID101720,1
MID100174,2
MID104179,1
MID100169,0
MID100849,0
MID101816,0
MID104348,0
MID103948,1
MID103127,0
MID101862,0
MID104962,0
MID105127,0
MID101835,2
MID103504,1
MID105515,0
MID101182,0
MID100233,1
MID101373,0
MID102639,0
MID103233,0
MID102416,0
MID103712,0
MID100272,0
MID103324,0
MID104485,0
MID100079,0
MID105799,1
MID100458,0
MID101709,0
MID101843,1
MID105542,0
MID104241,0
MID100205,1
MID104283,0
MID102996,0
MID105582,0
MID101960,0
MID101414,1
MID100814,0
MID102493,1
MID100943,2
MID104788,0
MID105164,0
MID101330,1
MID104952,0
MID103199,1
MID101227,1
MID103824,0
MID100496,0
MID105490,0
MID100141,2
MID101104,0
MID101617,0
MID102180,0
MID104263,0
MID101029,0
MID103822,1
MID104705,0
MID101680,0
MID104422,0
MID100651,0
MID103179,1
MID104052,1
MID100075,0
MID101805,1
MID100790,0
MID100933,1
MID100916,0
MID104540,1
MID103392,1
MID100825,1
MID105592,0
MID103859,0
MID103262,0
MID105873,0
MID101438,0
MID100122,2
MID101914,0
MID102641,1
MID101551,1
MID101546,0
MID101135,1
MID103355,0
MID100692,0
MID105784,1
MID105644,0
MID100344,1
MID102592,0
MID105703,0
MID100314,0
MID102374,0
MID102813,0
MID103573,2
MID104699,1
MID101326,0
MID103747,0
MID103301,0
MID105062,0
MID104187,0
MID103032,0
MID100552,0
MID100995,0
MID105789,0
MID103701,0
MID101352,0
MID104873,1
MID100882,1
MID104592,1
MID100687,0
MID105492,0
MID103346,0
MID102239,0
MID102023,1
MID101936,1
MID103451,0
MID100595,0
MID100236,1
MID103122,1
MID102045,0
MID100251,2
MID101256,0
MID104938,0
MID105175,0
MID102214,0
MID102642,0
MID102971,0
MID101423,1
MID102360,0
MID101302,0
MID102816,1
MID101141,1
MID101108,1
MID100420,0
MID100048,1
MID100229,0
MID103287,0
MID102701,0
MID102243,0
MID101122,1
MID102349,1
MID100563,0
MID104467,0
MID102689,0
MID102263,1
MID104107,0
MID105174,0
MID100579,0
MID104646,0
MID100561,0
MID104658,0
MID105368,0
MID104011,0
MID103035,0
MID100764,0
MID105348,0
MID102688,0
MID105159,0
MID104521,1
MID105846,0
MID105092,1
MID105019,0
MID104021,0
MID102438,1
MID101693,1
MID103908,0
MID105407,0
MID102269,0
MID102311,0
MID104880,0
MID103814,0
MID102248,2
MID103205,1
MID103834,2
MID105385,1
MID104609,2
MID105493,0
MID104778,0
MID105962,0
MID102168,0
MID103316,2
MID105668,0
MID103111,0
MID103906,1
MID101071,0
MID100213,0
MID101371,0
MID102178,1
MID103704,0
MID103696,1
MID102152,1
MID103107,0
MID105473,1
MID102004,0
MID104349,0
MID101243,2
MID105626,1
MID105932,0
MID101424,1
MID100979,0
MID105725,2
MID100343,0
MID103238,2
MID101363,1
MID103105,0
MID101082,0
MID105864,0
MID101653,0
MID102916,0
MID104353,0
MID105922,0
MID102999,0
MID101605,0
MID100755,1
MID101678,1
MID100410,0
MID104536,0
MID103759,0
MID105117,0
MID103559,1
MID105389,0
MID101697,0
MID100150,2
MID100373,0
MID105734,0
MID101921,1
MID101654,1
MID104315,0
MID103454,0
MID105359,0
MID101503,0
MID101829,0
MID101160,2
MID103591,0
MID105693,0
MID102727,0
MID101666,0
MID100250,0
MID101842,0
MID100591,0
MID104173,1
MID105292,1
MID102429,0
MID100007,0
MID104651,0
MID103374,0
MID102981,0
MID105328,1
MID103463,0
MID102382,2
MID101367,0
MID101676,0
MID102676,0
MID100800,0
MID105654,1
MID102894,0
MID105982,0
MID100408,0
MID104837,0
MID102153,1
MID101644,0
MID100451,0
MID104418,0
MID101504,1
MID102410,0
MID105714,0
MID104688,0
MID102773,0
MID105289,0
MID100918,0
MID103285,0
MID105248,0
MID105935,0
MID105983,0
MID105981,0
MID101103,1
MID100127,0
MID102146,1
MID103479,0
MID100377,0
MID103057,1
MID105764,1
MID105098,0
MID104593,0
MID102179,2
MID105356,0
MID100524,1
MID102714,0
MID101294,0
MID101316,1
MID102755,0
MID103538,0
MID101188,2
MID103871,2
MID101279,1
MID105415,0
MID101673,0
MID105818,0
MID104018,0
MID101657,0
MID102435,0
MID103306,1
MID105627,2
MID104227,0
MID102003,1
MID101922,0
MID102495,0
MID100597,1
MID101044,1
MID101959,2
MID101628,1
MID102767,1
MID104334,0
MID105661,0
MID100875,0
MID100880,0
MID101012,0
MID103100,2
MID102296,1
MID104674,0
MID100249,1
MID101875,2
MID100621,1
MID102744,1
MID101379,0
MID105841,1
MID104051,0
MID103332,0
MID102475,1
MID102455,0
MID101255,0
MID100208,0
MID104355,0
MID105003,0
MID101338,0
MID104251,1
MID102715,0
MID100469,1
MID103669,0
MID103265,2
MID103879,1
MID101317,0
MID101489,1
MID105497,0
MID105339,0
MID102867,1
MID105685,1
MID103523,0
MID103893,0
MID102596,0
MID102383,0
MID104493,0
MID104031,0
MID102026,0
MID103028,0
MID100795,1
MID101707,1
MID101800,1
MID101951,0
MID100645,0
MID105155,1
MID104421,0
MID101377,0
MID104344,0
MID105072,1
MID100999,0
MID103004,1
MID104330,0
MID100818,0
MID101514,0
MID102879,1
MID100765,0
MID104906,1
MID100023,0
MID100992,1
MID102769,2
MID102821,1
MID101127,1
MID103721,2
MID103737,0
MID103919,2
MID102927,0
MID105743,0
MID102924,0
MID103687,1
MID102952,1
MID103843,2
MID100670,0
MID105184,0
MID102854,0
MID103786,2
MID101844,0
MID103809,0
MID105625,0
MID101810,0
MID105990,0
MID102568,2
MID102626,0
MID104124,1
MID103037,0
MID104643,0
MID103503,1
MID105023,0
MID105320,0
MID105966,0
MID100406,0
MID101170,1
MID103471,0
MID103629,2
MID100990,1
MID100322,0
MID105993,1
MID103191,2
MID101839,0
MID105849,1
MID103640,1
MID103042,0
MID104870,1
MID103984,1
MID100941,2
MID103713,0
MID103599,0
MID101351,1
MID100837,2
MID101767,1
MID101308,0
MID102116,0
MID104393,0
MID100307,0
MID103135,0
MID104340,0
MID105152,0
MID104883,1
MID100009,1
MID103401,0
MID102488,0
MID104833,0
MID104600,2
MID102892,1
MID103284,0
MID100464,1
MID102071,1
MID100937,0
MID105900,2
MID102787,0
MID104771,1
MID104590,0
MID105842,1
MID102987,0
MID103157,1
MID101013,0
MID100646,0
MID100013,1
MID104900,1
MID101549,0
MID105414,0
MID102589,1
MID104466,0
MID105614,0
MID100874,1
MID103832,0
MID101635,1
MID101129,1
MID103528,1
MID105113,0
MID100506,0
MID105878,0
MID101573,0
MID104495,0
MID102637,1
MID105995,1
MID100293,1
MID104820,2
MID103793,1
MID103228,0
MID101564,0
MID101222,0
MID104434,0
MID101210,1
MID104126,0
MID101300,0
MID105251,0
MID105432,2
MID101957,0
MID102212,2
MID104015,0
MID103935,1
MID100470,1
MID105729,1
MID102702,0
MID105391,0
MID103606,1
MID104826,0
MID104445,0
MID100235,0
MID102791,1
MID101882,0
MID105242,0
MID103595,0
MID102371,1
MID104585,0
MID104057,0
MID104895,0
MID105176,1
MID101195,1
MID104953,0
MID103408,2
MID105965,1
MID103770,1
MID104647,0
MID100628,0
MID105648,2
MID101425,0
MID101919,0
MID103914,0
MID100461,0
MID100710,2
MID102574,1
MID105400,2
MID101908,0
MID100126,0
MID104613,0
MID100743,0
MID100474,0
MID100240,1
MID100231,2
MID102733,0
MID104720,1
MID104512,0
MID105278,1
MID104761,2
MID105757,0
MID105300,0
MID104924,1
MID101672,2
MID104547,0
MID100985,1
MID102238,2
MID104139,0
MID105847,0
MID100067,1
MID100925,1
MID104006,0
MID105899,0
MID101557,0
MID100093,0
MID105256,1
MID102378,0
MID102497,0
MID104632,1
MID101132,0
MID100037,0
MID102967,0
MID102011,0
MID101131,0
MID101929,0
MID102148,0
MID101264,1
MID105499,1
MID103727,0
MID105011,0
MID101037,0
MID100104,0
MID104517,1
MID105105,0
MID105870,0
MID104769,2
MID103132,0
MID103446,0
MID101335,1
MID104640,0
MID104781,0
MID102299,1
MID104653,0
MID105706,0
MID105094,0
MID101100,1
MID101857,1
MID105383,1
MID102465,2
MID100333,1
MID103341,1
MID104942,0
MID101258,0
MID104772,0
MID103557,0
MID101389,1
MID104269,0
MID104628,2
MID101522,1
MID104877,0
MID103907,0
MID104336,1
MID104832,1
MID104499,0
MID100284,0
MID105781,1
MID100480,2
MID105605,2
MID100154,0
MID104413,0
MID105387,0
MID102686,0
MID101028,0
MID105963,0
MID104027,0
MID100775,0
MID104278,0
MID103691,1
MID105374,1
MID104047,1
MID102130,0
MID101079,1
MID102716,2
MID104799,0
MID101686,0
MID105711,0
MID100083,1
MID101575,0
MID101340,0
MID102466,0
MID105833,1
MID104851,0
MID100215,0
MID102951,0
MID104939,2
MID101234,0
MID104862,0
MID105866,0
MID103416,0
MID101175,1
MID105206,2
MID100813,1
MID104782,0
MID104167,1
MID105891,0
MID103055,2
MID100414,1
MID103866,2
MID102339,0
MID104458,2
MID104448,0
MID105056,0
MID101533,0
MID102671,0
MID100697,1
MID100144,0
MID102322,0
MID104329,1
MID105189,0
MID100313,0
MID104199,0
MID101694,1
MID101553,0
MID101084,1
MID102826,1
MID100872,0
MID104844,2
MID101296,0
MID103458,0
MID105749,1
MID103162,0
MID101624,0
MID100488,1
MID102630,2
MID101982,0
MID103541,0
MID101040,0
MID104662,1
MID103149,0
MID103414,1
MID101478,2
MID102959,0
MID104716,0
MID102064,0
MID104383,1
MID100536,1
MID102843,0
MID104897,0
MID104912,0
MID102593,0
MID102121,0
MID100620,1
MID103616,1
MID103493,1
MID101318,0
MID103347,0
MID101434,1
MID105249,1
MID104311,0
MID103844,0
MID101151,0
MID103322,1
MID102940,1
MID103380,0
MID104969,1
MID100705,1
MID100088,0
MID102856,2
MID103735,0
MID102934,1
MID100475,1
MID104997,0
MID104265,0
MID101865,0
MID102485,0
MID102252,0
MID105010,2
MID103290,0
MID100542,2
MID105472,0
MID104185,0
MID104331,0
MID100392,1
MID104328,0
MID103502,2
MID101614,1
MID102264,1
MID101194,0
MID105418,0
MID102507,0
MID102884,0
MID105761,1
MID102722,0
MID100372,1
MID104830,0
MID100082,0
MID103398,1
MID105226,1
MID101236,0
MID103705,2
MID101111,0
MID102526,1
MID103087,0
MID104203,0
MID103072,1
MID103130,0
MID100675,1
MID102608,1
MID105926,1
MID101559,1
MID101386,0
MID100556,0
MID100117,1
MID101703,2
MID103378,0
MID101365,0
MID101004,1
MID105293,1
MID102784,0
MID103912,1
MID102294,2
MID102691,0
MID105607,0
MID102776,2
MID102381,1
MID104638,0
MID101712,0
MID101087,2
MID102880,0
MID101238,1
MID101150,1
MID102937,0
MID103420,0
MID102899,0
MID102198,0
MID100712,0
MID102661,0
MID104191,1
MID102751,0
MID101521,0
MID100942,0
MID102834,1
MID101000,1
MID102969,2
MID102035,0
MID102359,1
MID103931,1
MID103278,0
MID105071,0
MID104589,1
MID101873,1
MID104888,1
MID100867,1
MID101953,0
MID105617,1
MID101051,1
MID101073,0
MID101253,2
MID104865,1
MID101725,0
MID103512,0
MID100361,0
MID101183,0
MID105560,0
MID101670,0
MID101745,0
MID103765,2
MID103052,0
MID102405,0
MID101822,2
MID102298,0
MID100499,0
MID104650,1
MID101382,0
MID100320,0
MID105510,0
MID105052,2
MID104891,2
MID105521,0
MID101661,0
MID103066,1
MID104363,2
MID103013,1
MID100201,2
MID102237,0
MID100224,2
MID104211,1
MID104163,0
MID103423,1
MID105349,1
MID105559,0
MID105321,0
MID104324,0
MID101682,0
MID100774,1
MID103386,0
MID102414,1
MID103738,0
MID101254,0
MID102819,1
MID102293,1
MID102771,1
MID105608,1
MID105483,1
MID102904,1
MID104675,0
MID101297,0
MID101476,1
MID105599,0
MID101590,1
MID102566,1
MID100020,0
MID105871,0
MID102104,2
MID100472,1
MID100964,1
MID100585,1
MID105357,0
MID105621,1
MID104210,0
MID103922,0
MID105755,0
MID102119,0
MID101395,2
MID101220,0
MID103648,2
MID101933,1
MID103682,1
MID102918,1
MID100594,1
MID102549,0
MID103093,0
MID103043,1
MID101475,1
MID102010,0
MID100759,1
MID101299,2
MID102069,1
MID101407,1
MID100575,0
MID105194,0
MID103785,1
MID102797,0
MID103813,0
MID104417,0
MID105856,0
MID103343,0
MID104001,0
MID104100,1
MID105850,0
MID104342,2
MID100501,1
MID105791,0
MID105126,0
MID102991,0
MID105574,0
MID103101,0
MID105903,0
MID102964,1
MID104918,2
MID103545,0
MID100632,2
MID103154,1
MID103608,0
MID105240,1
MID105390,1
MID101322,1
MID105610,1
MID104673,0
MID102418,1
MID105180,1
MID104307,0
MID103441,0
MID100976,0
MID102704,0
MID103697,0
MID103820,0
MID104243,1
MID100114,1
MID102583,1
MID105131,0
MID104797,0
MID100514,1
MID102531,0
MID100722,0
MID101749,2
MID101274,0
MID100627,1
MID105682,2
MID102056,2
MID105216,0
MID102019,0
MID101607,1
MID100010,0
MID101675,0
MID105303,1
MID105398,2
MID101116,1
MID100967,0
MID104907,2
MID100358,0
MID103968,1
MID105108,0
MID102966,0
MID102155,1
MID100278,1
MID101821,0
MID101663,1
MID101926,0
MID103552,0
MID103860,0
MID100938,1
MID100974,1
MID103643,0
MID102721,0
MID101983,0
MID102223,1
MID103229,2
MID105360,1
MID102407,0
MID102652,1
MID104836,1
MID102793,1
MID103344,0
MID101999,1
MID103249,0
MID100993,1
MID105552,1
MID100668,0
MID104878,1
MID100686,0
MID100684,0
MID104233,1
MID104402,1
MID105461,1
MID105055,1
MID101064,0
MID104747,0
MID102629,1
MID102993,1
MID104325,2
MID104856,1
MID103219,0
MID102363,0
MID104475,0
MID100968,1
MID101524,1
MID101381,0
MID105262,1
MID105455,1
MID105168,1
MID101512,0
MID105773,0
MID103602,0
MID101360,1
MID103539,2
MID104660,1
MID102197,1
MID102692,1
MID105310,1
MID100931,0
MID104096,1
MID104749,1
MID100892,1
MID103651,1
MID101606,1
MID100924,0
MID100659,1
MID101799,1
MID103065,2
MID104019,1
MID105971,0
MID100108,0
MID101495,1
MID103469,1
MID103142,1
MID100323,1
MID105282,1
MID100719,1
MID104380,0
MID101935,2
MID102615,2
MID101003,1
MID105365,0
MID104470,0
MID100289,1
MID102044,0
MID100635,1
MID103630,1
MID102150,0
MID104045,1
MID105239,1
MID105917,0
MID102554,2
MID103340,1
MID100587,0
MID103596,1
MID104032,1
MID100810,1
MID103222,1
MID103472,1
MID105556,1
MID100415,0
MID105658,2
MID100335,1
MID103448,1
MID100973,1
MID104465,1
MID102060,0
MID104370,2
MID103367,2
MID102562,1
MID101262,0
MID103840,0
MID104910,0
MID104965,1
MID103807,0
MID100834,0
MID101894,1
MID105449,0
MID105564,1
MID100466,1
MID100841,2
MID100982,1
MID100172,0
MID100308,0
MID105933,0
MID105006,1
MID100187,1
MID103711,0
MID102211,1
MID104689,2
MID102932,1
MID104567,1
MID105513,1
MID102883,1
MID104104,2
MID105879,1
MID101487,1
MID100188,0
MID101070,0
MID105838,1
MID100039,0
MID100817,2
MID100658,0
MID102171,1
MID104368,1
MID100787,0
MID105306,1
MID101181,2
MID102031,2
MID104786,1
MID101710,2
MID105938,1
MID103910,1
MID100379,1
MID101543,1
MID102276,0
MID102208,2
MID104463,1
MID100714,0
MID103456,0
MID105358,0
MID103000,1
MID103988,0
MID104519,0
MID101177,0
MID105604,2
MID100264,0
MID104114,0
MID102647,2
MID102297,1
MID103815,1
MID103449,1
MID101632,1
MID103368,1
MID104896,1
MID102525,0
MID101631,1
MID105823,0
MID105267,2
MID104137,2
MID101098,1
MID101469,0
MID100385,1
MID101629,0
MID105587,1
MID104023,2
MID100996,1
MID105253,0
MID101041,0
MID101954,1
MID103244,0
MID101717,1
MID101161,1
MID103983,1
MID104188,0
MID105177,1
MID103978,2
MID101347,0
MID105136,1
MID105388,0
MID104707,2
MID104764,0
MID100559,0
MID100522,1
MID104455,2
MID102350,0
MID101688,0
MID102609,1
MID103644,0
MID100952,2
MID102224,0
MID104954,0
MID101244,0
MID101994,1
MID100510,1
MID100140,1
MID102042,2
MID102736,2
MID100362,1
MID100040,1
MID102587,1
MID104683,2
MID100027,0
MID102432,1
MID103123,1
MID103534,1
MID104984,1
MID100866,1
MID103825,2
MID101063,0
MID102545,1
MID102458,1
MID102862,1
MID104901,1
MID104234,1
MID101138,1
MID105125,0
MID105705,1
MID105786,1
MID104933,1
MID103767,0
MID101203,0
MID103039,1
MID104425,0
MID101354,1
MID101859,0
MID103467,1
MID101059,0
MID102888,1
MID100648,1
MID102683,0
MID103627,1
MID105924,2
MID103973,0
MID101176,0
MID103025,1
MID101500,0
MID100553,1
MID104232,0
MID102729,2
MID101496,2
MID102457,2
MID100954,1
MID103190,1
MID104155,0
MID103295,1
MID103226,1
MID104980,1
MID105116,1
MID102257,1
MID105369,1
MID100277,1
MID104780,2
MID102657,1
MID104670,1
MID100708,1
MID103006,0
MID100297,0
MID100544,1
MID100096,1
MID105288,1
MID104420,1
MID100045,2
MID105544,1
MID104151,1
MID105811,0
MID102226,0
MID104621,0
MID100854,1
MID104758,0
MID101609,0
MID101593,1
MID104217,0
MID105593,0
MID103783,2
MID103010,1
MID103452,1
MID100021,1
MID100252,0
MID100797,1
MID105558,0
MID102746,0
MID104568,0
MID104679,0
MID101646,2
MID105500,1
MID101809,1
MID103442,1
MID102869,1
MID103771,0
MID100928,1
MID103286,1
MID102770,2
MID105005,1
MID100038,0
MID101036,1
MID103957,0
MID102425,1
MID102983,1
MID105753,1
MID105740,0
MID104713,1
MID101743,2
MID103331,1
MID105815,0
MID105988,1
MID103379,0
MID101768,0
MID101949,0
MID101055,0
MID103792,0
MID102504,1
MID103890,0
MID105825,1
MID101552,1
MID103652,1
MID102301,1
MID100707,1
MID101615,1
MID100341,2
MID102933,1
MID100066,1
MID105276,1
MID101396,0
MID105013,0
MID105192,0
MID102674,0
MID101412,0
MID102230,1
MID105340,1
MID100661,1
MID103071,0
MID104584,0
MID103293,1
MID104659,1
MID104575,0
MID105420,0
MID102189,1
MID102279,0
MID103537,1
MID102387,1
MID105699,1
MID103001,0
MID100870,1
MID101430,1
MID101550,0
MID104533,1
MID103818,1
MID102699,1
MID105639,1
MID102053,0
MID101088,0
MID100129,0
MID100873,2
MID103810,2
MID105139,2
MID102851,1
MID101664,0
MID103353,1
MID101961,1
MID102760,0
MID100115,1
MID104150,1
MID102832,0
MID100529,0
MID101690,2
MID102907,1
MID102763,0
MID103427,0
MID100679,0
MID105742,1
MID105424,1
MID102627,0
MID105082,1
MID101701,0
MID100716,0
MID103993,0
MID103315,0
MID101436,2
MID103390,1
MID104726,0
MID103210,0
MID103872,1
MID104261,1
MID103726,1
MID103126,0
MID104605,1
MID102928,1
MID102167,2
MID103261,0
MID101228,0
MID102655,0
MID100156,1
MID101411,1
MID104743,0
MID105183,1
MID104290,1
MID104971,1
MID101556,1
MID104415,1
MID100739,1
MID100380,1
MID101458,1
MID101237,1
MID104840,1
MID102052,0
MID105203,1
MID102335,1
MID104182,0
MID105482,0
MID103160,0
MID104622,1
MID104773,0
MID105075,1
MID104537,1
MID103338,2
MID105238,1
MID105726,2
MID102796,0
MID103194,0
MID103103,1
MID101925,1
MID102945,2
MID102909,1
MID102519,1
MID105509,0
MID102195,1
MID103077,2
MID102673,0
MID103138,0
MID105143,2
MID105994,1
MID105652,0
MID102284,0
MID101687,0
MID105088,0
MID105893,2
MID104615,2
MID102624,0
MID103514,0
MID101616,0
MID105060,0
MID104668,0
MID101508,0
MID104559,0
MID105458,0
MID101545,1
MID102845,1
MID101981,0
MID105643,0
MID105049,1
MID105048,2
MID103611,2
MID104541,1
MID101018,2
MID105854,0
MID101265,0
MID104917,0
MID103366,0
MID105511,1
MID101078,1
MID103156,1
MID105546,0
MID102354,2
MID101406,0
MID103717,1
MID103167,2
MID100179,0
MID102470,0
MID104823,1
MID102338,1
MID105566,1
MID105421,0
MID102141,1
MID102344,0
MID102187,1
MID105130,0
MID103153,0
MID102417,1
MID103842,0
MID102423,1
MID104583,1
MID100754,1
MID105670,0
MID105832,1
MID104193,0
MID100046,1
MID105209,1
MID104614,0
MID100752,1
MID102785,0
MID105079,0
MID103050,0
MID101855,1
MID104374,2
MID101473,0
MID103975,0
MID102043,1
MID104586,0
MID103202,0
MID100259,1
MID102505,2
MID103855,1
MID100740,2
MID103544,1
MID100386,1
MID103532,1
MID101218,1
MID102038,0
MID102533,2
MID101185,1
MID105447,1
MID103976,2
MID101325,2
MID104588,1
MID103624,1
MID102329,1
MID104894,2
MID102292,1
MID102328,2
MID100490,1
MID100883,0
MID101641,1
MID100315,0
MID102164,1
MID101157,0
MID100084,0
MID105577,1
MID100766,1
MID104796,0
MID103885,0
MID102014,1
MID102362,1
MID100442,2
MID105346,1
MID105337,1
MID105934,1
MID102186,1
MID105158,0
MID103017,2
MID105930,2
MID101979,2
MID101952,1
MID101626,0
MID105724,2
MID105330,2
MID101400,1
MID104500,0
MID104563,0
MID105002,0
MID100363,0
MID100495,1
MID101240,1
MID105827,1
MID105068,0
MID104905,1
MID102317,0
MID100462,2
MID101689,0
MID105744,1
MID100887,0
MID104221,2
MID105684,1
MID103174,2
MID100839,1
MID103012,1
MID100026,0
MID103440,1
MID102644,2
MID101492,1
MID100545,1
MID104577,0
MID101685,1
MID104064,1
MID104719,0
MID100746,0
MID105297,1
MID104259,1
MID102903,0
MID105324,1
MID102059,1
MID102745,2
MID101786,1
MID105996,1
MID102330,1
MID102451,0
MID104767,1
MID105496,1
MID105291,2
MID102205,1
MID100966,0
MID105460,0
MID100807,1
MID101583,1
MID101760,1
MID102103,1
MID105273,0
MID103021,0
MID102814,1
MID104853,1
MID104339,1
MID102115,2
MID105384,0
MID105830,0
MID103186,0
MID105363,2
MID102176,0
MID104209,2
MID101329,1
MID102972,2
MID100762,2
MID105680,1
MID105213,0
MID100596,1
MID104373,1
MID103686,2
MID105678,1
MID100702,1
MID100682,1
MID100674,1
MID100435,1
MID102764,1
MID103342,1
MID100884,1
MID105817,1
MID105770,0
MID101802,1
MID101764,0
MID104908,0
MID101903,0
MID105272,1
MID101728,1
MID103998,0
MID100939,1
MID100303,0
MID103730,1
MID105942,1
MID101856,2
MID100196,1
MID100603,0
MID101293,1
MID101928,1
MID100777,2
MID101721,2
MID104961,1
MID105254,0
MID102723,1
MID100086,1
MID103297,1
MID101215,1
MID104604,1
MID102447,1
MID102590,1
MID105653,1
MID103692,1
MID104083,1
MID102808,0
MID105976,0
MID102048,1
MID104787,1
MID104617,0
MID103635,1
MID101714,0
MID100771,1
MID105829,2
MID100110,1
MID104892,1
MID105694,1
MID101696,2
MID102259,1
MID104941,1
MID103515,2
MID101007,2
MID103892,0
MID101531,1
MID102891,1
MID102267,1
MID104926,1
MID104754,1
MID105464,1
MID103373,1
MID101019,0
MID100312,1
MID102759,1
MID102955,1
MID104369,1
MID100602,1
MID101729,0
MID101445,1
MID104502,1
MID100672,1
MID104738,1
MID100355,0
MID102804,2
MID104308,0
MID105536,0
MID100535,1
MID104791,1
MID100425,1
MID101895,1
MID105376,1
MID101651,2
MID101052,1
MID101499,1
MID102713,2
MID100484,1
MID105453,0
MID101201,1
MID100822,1
MID103554,0
MID104068,1
MID104020,1
MID105890,1
MID102607,1
MID101972,1
MID101792,0
MID105596,1
MID101319,0
MID105304,1
MID101634,2
MID103934,1
MID102700,1
MID102728,1
MID104902,2
MID104595,1
MID104542,1
MID105109,1
MID100604,1
MID104857,2
MID104950,1
MID105787,1
MID105507,1
MID102166,2
MID105529,1
MID103819,1
MID103225,2
MID101558,1
MID102271,1
MID102740,1
MID100218,1
MID103736,1
MID104850,0
MID100511,0
MID101235,0
MID100505,1
MID103085,2
MID101964,1
MID102542,0
MID101742,0
MID102865,2
MID100900,0
MID101443,1
MID105796,1
MID104440,1
MID105379,1
MID103494,0
MID101947,1
MID104371,1
MID102143,1
MID103099,1
MID103587,1
MID100287,1
MID103358,1
MID100324,1
MID101515,1
MID101208,0
MID105548,1
MID100782,1
MID103689,2
MID103381,1
MID103216,1
MID101517,1
MID102600,0
MID100619,1
MID103095,1
MID103438,1
MID101433,1
MID101449,0
MID101134,0
MID102917,1
MID102426,0
MID103772,2
MID101481,0
MID101497,1
MID104357,1
MID105480,1
MID104226,1
MID100905,0
MID104260,1
MID101284,0
MID100072,1
MID102606,1
MID100427,1
MID101287,1
MID105410,2
MID101402,0
MID100838,0
MID104378,1
MID101747,1
MID105907,1
MID105434,1
MID101971,0
MID102548,1
MID105017,1
MID105722,0
MID100950,0
MID105795,1
MID105428,1
MID102337,0
MID103729,2
MID105054,1
MID103574,1
MID105771,0
MID104816,1
MID102712,1
MID102479,0
MID102068,0
MID100288,1
MID104677,2
MID103964,1
MID101715,1
MID101230,1
MID100265,1
MID104936,1
MID100629,1
MID100182,1
MID104078,0
MID101418,1
MID104288,1
MID101060,1
MID104697,0
MID100667,1
MID100527,1
MID101866,0
MID105939,1
MID105456,1
MID102012,1
MID104838,1
MID104008,1
MID102949,1
MID104462,0
MID104608,0
MID101179,2
MID104076,1
MID105087,1
MID100428,1
MID105683,0
MID104501,1
MID100605,1
MID101824,1
MID100803,0
MID105020,0
MID104305,1
MID100055,1
MID102478,0
MID103404,1
MID105198,1
MID101900,1
MID103245,1
MID105880,1
MID105485,1
MID105998,2
MID102392,1
MID102774,1
MID100633,1
MID102092,1
MID102628,2
MID100691,2
MID100994,1
MID100677,2
MID102490,1
MID103457,1
MID102603,0
MID104207,0
MID105759,1
MID100095,0
MID105244,2
MID102632,1
MID101774,0
MID102765,1
MID100211,1
MID100783,0
MID104529,0
MID103676,1
MID100203,1
MID103251,1
MID102081,1
MID102872,1
MID100078,1
MID104223,1
MID100504,1
MID104442,2
MID101920,1
MID105980,1
MID102665,1
MID104147,0
MID100589,2
MID100445,0
MID105635,1
MID104459,1
MID104966,1
MID103670,1
MID104864,1
MID102711,1
MID104531,0
MID105007,1
MID101692,1
MID100139,1
MID105696,1
MID101510,1
MID103168,1
MID104733,1
MID103823,1
MID101850,1
MID105211,1
MID103703,1
MID102291,2
MID105616,0
MID100282,1
MID103490,1
MID101158,0
MID102227,0
MID104037,1
MID100383,2
MID105543,0
MID104566,0
MID101435,1
MID104725,1
MID100035,0
MID102489,1
MID102824,1
MID100176,1
MID105317,1
MID101441,0
MID102782,2
MID100721,1
MID100479,1
MID100318,1
MID104138,1
MID100649,1
MID103094,1
MID103932,1
MID101726,1
MID104565,1
MID101604,1
MID105204,1
MID104115,2
MID102356,0
MID103482,0
MID100912,0
MID102015,2
MID103480,1
MID103760,1
MID103349,1
MID100843,1
MID101275,1
MID101783,2
MID100497,0
MID101608,1
MID104262,1
MID104201,1
MID103117,1
MID100181,1
MID104043,2
MID103642,1
MID100423,0
MID100801,2
MID102591,1
MID102788,1
MID103266,1
MID105547,1
MID103310,1
MID102333,1
MID102228,1
MID104136,1
MID103207,1
MID102684,0
MID103283,1
MID105992,0
MID103384,1
MID101918,1
MID105302,1
MID104121,1
MID105958,1
MID101832,1
MID100491,0
MID105619,1
MID100568,0
MID101102,1
MID103288,1
MID103252,0
MID101576,1
MID100416,1
MID103548,1
MID101527,1
MID104814,0
MID101744,1
MID104268,1
MID102088,1
MID101266,1
MID102802,1
MID104562,1
MID100769,1
MID105093,1
MID102095,1
MID104320,1
MID105442,0
MID103633,1
MID101834,1
MID101290,1
MID103231,0
MID101781,2
MID104951,1
MID104216,1
MID100751,0
MID101093,1
MID104694,0
MID100503,1
MID104071,1
MID101143,1
MID102415,1
MID105716,1
MID100005,1
MID100758,0
MID100623,2
MID101833,1
MID101770,1
MID101054,0
MID102837,1
MID101656,1
MID104734,1
MID103550,0
MID105313,1
MID103263,1
MID105591,1
MID103754,1
MID103835,1
MID101428,1
MID103350,0
MID100848,1
MID100463,1
MID105477,1
MID103733,1
MID101339,1
MID100050,1
MID105921,0
MID104276,0
MID102286,1
MID103665,1
MID101277,1
MID101746,1
MID100515,1
MID102800,0
MID105061,0
MID103330,1
MID103302,1
MID105342,1
MID100091,1
MID103623,1
MID103206,1
MID101794,1
MID100041,0
MID103152,1
MID103876,0
MID101270,1
MID101047,1
MID105465,1
MID103131,1
MID100130,1
MID101765,1
MID102430,1
MID105259,1
MID105440,1
MID105867,1
MID101898,1
MID105004,1
MID105338,1
MID101804,1
MID104219,1
MID100012,1
MID100592,1
MID104744,0
MID101125,1
MID103432,1
MID102638,0
MID100167,1
MID105606,0
MID103863,1
MID104087,0
MID103407,2
MID101941,1
MID100991,0
MID100069,1
MID105018,0
MID100540,1
MID100273,1
MID103159,1
MID104709,0
MID101191,1
MID100102,1
MID101493,1
MID104073,1
MID101066,1
MID104582,1
MID104603,2
MID102062,1
MID100805,1
MID104436,1
MID102033,0
MID104957,1
MID103638,1
MID103851,1
MID103466,1
MID101422,1
MID100125,1
MID102920,2
MID104898,2
MID101346,2
MID102391,2
MID101852,1
MID103749,1
MID103979,1
MID101645,1
MID100915,1
MID100098,1
MID105101,1
MID103576,1
MID103019,1
MID100622,2
MID102122,1
MID103891,1
MID101005,1
MID105567,1
MID105600,1
MID100432,1
MID105446,1
MID100823,1
MID105541,1
MID101548,1
MID105735,0
MID104667,1
MID102534,1
MID104354,1
MID103437,1
MID104194,1
MID102199,1
MID105260,2
MID102768,2
MID103660,1
MID103547,0
MID102961,1
MID102136,2
MID103722,1
MID102532,0
MID101814,1
MID103170,1
MID104845,1
MID100350,1
MID104514,1
MID103902,1
MID100051,1
MID102985,1
MID102829,1
MID104903,1
MID100418,1
MID100520,1
MID104963,0
MID101775,1
MID105144,2
MID103904,2
MID100228,1
MID105084,1
MID101474,1
MID100904,1
MID105401,1
MID103450,1
MID100398,1
MID102207,1
MID103959,1
MID101498,2
MID105280,1
MID103782,1
MID105663,1
MID105736,2
MID100583,2
MID102494,0
MID100626,2
MID104919,1
MID105104,1
MID100578,1
MID104317,1
MID100220,1
MID102080,2
MID100977,1
MID100450,1
MID102111,2
MID103577,1
MID103060,1
MID102486,2
MID103048,1
MID105700,1
MID103520,1
MID105341,1
MID104205,0
MID103694,1
MID104975,1
MID105064,1
MID103073,0
MID102229,1
MID101015,1
MID101133,1
MID105241,2
MID102076,2
MID102468,1
MID102070,2
MID101937,1
MID103874,1
MID103405,1
MID103260,1
MID101056,1
MID100209,1
MID100404,0
MID100481,0
MID103679,1
MID102836,1
MID100389,1
MID101815,1
MID102203,1
MID105664,1
MID103291,1
MID104634,1
MID100152,1
MID104245,1
MID103882,1
MID102544,1
MID103227,1
MID104389,1
MID103320,1
MID105095,2
MID102640,1
MID103853,1
MID104024,0
MID104345,1
MID103762,1
MID103909,1
MID105001,0
MID103505,2
MID104041,1
MID102651,1
MID105583,1
MID102547,0
MID104554,1
MID105968,1
MID104730,1
MID100730,1
MID105207,0
MID103631,1
MID103236,2
MID104343,1
MID105081,1
MID104946,1
MID105258,1
MID101403,2
MID105763,2
MID103129,1
MID103929,2
MID105045,2
MID101505,1
MID102249,1
MID103540,1
MID104766,1
MID103133,1
MID101130,1
MID100859,1
MID103861,1
MID105397,0
MID104979,1
MID102375,0
MID100957,1
MID102476,1
MID100243,0
MID105394,0
MID104569,1
MID103396,1
MID105774,1
MID103864,1
MID104060,1
MID101046,1
MID103118,1
MID101289,1
MID105138,1
MID103748,1
MID101988,0
MID103903,1
MID105767,1
MID102734,2
MID102400,0
MID101186,1
MID102835,0
MID105163,1
MID102100,2
MID100944,1
MID104915,1
MID100614,1
MID102016,1
MID102565,1
MID103079,0
MID100736,1
MID102811,1
MID101528,1
MID101271,1
MID102994,1
MID105264,1
MID101592,1
MID101978,1
MID104711,0
MID100133,1
MID105173,1
MID100347,2
MID105760,0
MID100789,1
MID104732,1
MID103395,1
MID104492,1
MID104746,0
MID100331,1
MID105777,1
MID103104,1
MID103305,1
MID101652,1
MID102950,0
MID105228,0
MID104655,1
MID103619,0
MID103476,1
MID102145,1
MID104551,1
MID105329,1
MID100919,0
MID105069,1
MID101306,1
MID105028,1
MID105047,0
MID104983,1
MID103273,1
MID105835,1
MID103521,2
MID104846,1
MID101257,1
MID103928,1
MID105797,1
MID101113,1
MID104956,1
MID105631,1
MID102550,1
MID101345,1
MID101655,1
MID105540,0
MID105641,0
MID100821,1
MID102588,2
MID101735,1
MID103336,1
MID102245,1
MID104401,1
MID102427,1
MID100921,1
MID102318,1
MID104176,0
MID104142,0
MID102752,1
MID100694,1
MID104053,1
MID101596,1
MID101542,1
MID104055,1
MID104181,1
MID100394,1
MID102874,1
MID104943,0
MID103361,1
MID102219,1
MID103030,1
MID100695,1
MID100984,1
MID105974,1
MID104025,1
MID100321,1
MID102870,1
MID105876,1
MID100669,0
MID101313,1
MID102633,0
MID103089,1
MID102666,0
MID102573,1
MID103672,0
MID102361,1
MID104135,1
MID101348,0
MID104785,1
MID101324,1
MID105991,1
MID105494,1
MID101117,1
MID102777,1
MID104443,1
MID101823,0
MID100332,1
MID101121,1
MID104030,2
MID103385,0
MID102860,1
MID102041,1
MID104453,1
MID105065,1
MID100502,1
MID101846,2
MID101074,1
MID103982,1
MID103352,1
MID103516,1
MID103323,1
MID103321,0
MID100261,1
MID105956,1
MID100601,1
MID103750,1
MID103688,1
MID102154,1
MID102037,1
MID105427,1
MID102910,1
MID104557,1
MID102159,1
MID104815,1
MID105986,1
MID103911,1
MID103145,1
MID102528,1
MID101486,1
MID105751,0
MID104958,1
MID104090,1
MID104410,1
MID103253,1
MID105279,1
MID104250,1
MID104197,0
MID102434,1
MID103741,0
MID102761,1
MID101485,0
MID104153,0
MID103002,0
MID101813,0
MID101344,2
MID101288,1
MID100316,1
MID102128,1
MID100257,1
MID101610,1
MID103045,0
MID105269,1
MID100732,1
MID103328,0
MID102261,1
MID105149,2
MID100471,1
MID104601,1
MID103615,1
MID102610,1
MID105107,1
MID103309,1
MID100015,0
MID104530,1
MID104793,2
MID103625,1
MID105999,1
MID104282,1
MID105906,1
MID105633,1
MID103924,1
MID104384,2
MID100242,1
MID102193,1
MID105806,1
MID105370,1
MID104360,1
MID101278,1
MID101950,1
MID100911,1
MID100513,1
MID105271,0
MID100022,1
MID100507,1
MID102183,1
MID103209,0
MID104335,1
MID105106,1
MID101142,1
MID101798,1
MID100833,1
MID102163,1
MID105746,1
MID103016,1
MID104503,1
MID103049,1
MID101785,1
MID103188,0
MID100008,1
MID100123,2
MID100219,1
MID103536,1
MID104258,1
MID105191,0
MID100440,1
MID105858,2
MID101152,1
MID100018,1
MID105959,1
MID100689,1
MID105912,1
MID102962,1
MID101229,0
MID101259,1
MID102521,1
MID102209,0
MID102007,1
MID101574,1
MID104341,1
MID100678,1
MID104214,1
MID100247,1
MID105439,1
MID102000,1
MID105235,1
MID100158,1
MID100981,0
MID100087,1
MID105284,1
MID105717,2
MID104082,1
MID102781,1
MID105745,1
MID104922,1
MID104490,1
MID104974,1
MID105733,1
MID102974,1
MID101595,1
MID104392,0
MID103399,2
MID103281,2
MID100016,0
MID104120,1
MID100815,1
MID105172,1
MID102509,2
MID103582,1
MID102032,1
MID101780,1
MID101665,1
MID105334,1
MID101200,1
MID104332,1
MID105618,1
MID104678,1
MID103220,0
MID100539,1
MID104099,1
MID101349,1
MID100851,1
MID102921,1
MID102112,1
MID102552,1
MID100438,1
MID105171,2
MID101946,1
MID101068,1
MID104416,1
MID102513,2
MID104249,1
MID105382,1
MID105355,2
MID103858,1
MID101863,2
MID103257,1
MID101110,1
MID103119,1
MID103952,1
MID105848,1
MID104103,1
MID105588,1
MID100826,1
MID104022,1
MID100256,0
MID100155,1
MID100760,1
MID102424,1
MID101812,1
MID100186,1
MID100770,1
MID102822,1
MID105148,1
MID100640,2
MID103232,2
MID100001,1
MID103426,1
MID104172,1
MID103951,1
MID102914,1
MID105585,1
MID100089,2
MID102742,1
MID100434,0
MID102332,2
MID101385,1
MID103196,1
MID101494,1
MID102970,1
MID103434,0
MID101026,1
MID102807,1
MID104333,1
MID105528,1
MID104106,1
MID103881,1
MID103900,2
MID102541,1
MID103141,1
MID105353,1
MID102881,0
MID103779,1
MID101126,1
MID105836,1
MID100922,1
MID100869,1
MID105009,1
MID101490,1
MID104607,0
MID100894,1
MID105609,0
MID103481,1
MID103562,1
MID103949,1
MID103841,1
MID102664,1
MID101790,1
MID103383,2
MID104574,1
MID100923,1
MID102323,1
MID103977,1
MID105034,1
MID103723,1
MID100794,1
MID105674,1
MID104109,2
MID103047,1
MID105809,1
MID104685,2
MID103916,2
MID100487,2
MID101948,1
MID105014,1
MID103200,0
MID102288,0
MID103477,1
MID102251,1
MID100113,1
MID101806,1
MID103007,1
MID102093,1
MID103816,1
MID100617,1
MID105354,1
MID100650,1
MID105951,1
MID102280,2
MID102483,2
MID102540,1
MID104035,1
MID102206,1
MID104098,1
MID102823,1
MID102134,1
MID100081,1
MID101217,1
MID103447,1
MID101980,1
MID103766,1
MID100412,1
MID102453,1
MID104159,1
MID104784,1
MID104079,1
MID100099,1
MID100610,1
MID102102,1
MID102936,1
MID100570,1
MID103566,1
MID101731,1
MID100845,1
MID101241,1
MID100396,1
MID103294,1
MID101904,1
MID103444,1
MID102897,1
MID102091,0
MID105918,1
MID100897,2
MID104798,1
MID100934,2
MID101008,1
MID105941,1
MID103498,1
MID105435,1
MID100608,1
MID104246,1
MID102013,1
MID101109,1
MID101769,1
MID103967,0
MID104847,1
MID104351,1
MID100947,1
MID100932,1
MID100485,1
MID100624,2
MID104792,1
MID103553,1
MID102503,1
MID104884,1
MID102960,1
MID101568,1
MID100516,1
MID105538,1
MID104403,1
MID102266,2
MID101376,1
MID104244,2
MID101730,1
MID100634,1
MID101879,0
MID100431,1
MID103436,1
MID103626,1
MID102213,1
MID104238,1
MID103837,1
MID100891,1
MID102353,1
MID102842,1
MID100554,1
MID102138,1
MID102946,1
MID101283,1
MID102873,0
MID104095,1
MID101245,1
MID100028,1
MID101501,0
MID101021,1
MID104451,1
MID104039,2
MID103654,1
MID104665,1
MID102054,1
MID103325,1
MID105747,1
MID102978,0
MID105236,1
MID105111,1
MID103082,1
MID100216,1
MID105067,1
MID105199,1
MID101479,1
MID101801,1
MID102074,1
MID102217,1
MID105572,1
MID105914,1
MID105332,1
MID105862,1
MID105649,2
MID102798,1
MID101966,1
MID101153,1
MID102175,0
MID105022,1
MID104313,1
MID105161,1
MID105308,1
MID105594,1
MID105305,1
MID104439,0
MID101889,2
MID105718,1
MID104398,1
MID101544,0
MID105943,1
MID103419,1
MID104118,2
MID105372,1
MID101915,1
MID104235,1
MID105929,1
MID105950,1
MID101858,1
MID103056,1
MID100448,1
MID103588,1
MID104618,1
MID105695,0
MID104762,1
MID101998,1
MID101513,1
MID101343,0
MID105819,0
MID105531,1
MID101529,1
MID102783,1
MID100262,1
MID104132,1
MID101404,1
MID104310,1
MID100898,1
MID102889,1
MID102863,1
MID102530,0
MID105411,0
MID104637,1
MID101092,2
MID100582,1
MID105526,1
MID101128,0
MID103279,1
MID105802,1
MID100517,1
MID103254,1
MID102474,1
MID105413,1
MID105223,1
MID105425,1
MID103740,1
MID100221,1
MID104520,1
MID105657,1
MID102216,1
MID100951,1
MID105884,1
MID104964,1
MID105782,2
MID103144,1
MID102828,1
MID105222,0
MID102401,0
MID104594,1
MID101480,1
MID104433,1
MID100192,1
MID100166,1
MID103357,1
MID105351,0
MID101375,1
MID105532,1
MID104509,1
MID103097,0
MID101677,1
MID102710,1
MID100275,1
MID100836,1
MID105245,1
MID105650,1
MID102662,1
MID104491,0
MID102522,1
MID102289,1
MID101369,1
MID102367,1
MID101706,1
MID103609,1
MID105704,1
MID105012,1
MID103734,1
MID101622,1
MID104367,1
MID104717,1
MID102067,1
MID100223,1
MID100407,2
MID100567,0
MID104987,1
MID102900,0
MID105073,1
MID102738,1
MID102061,1
MID103183,1
MID104408,1
MID100781,1
MID104642,1
MID100654,1
MID101734,0
MID104805,1
MID104848,1
MID102977,1
MID105035,1
MID100703,1
MID101391,1
MID105945,1
MID101167,2
MID104222,1
MID105732,1
MID105894,2
MID101027,1
MID105908,1
MID102162,1
MID103666,1
MID103618,2
MID102351,1
MID101002,1
MID100137,1
MID105902,1
MID100590,1
MID103139,0
MID105738,1
MID101432,0
MID100210,1
MID103661,2
MID102274,1
MID104186,1
MID102989,1
MID100107,1
MID102739,2
MID103845,1
MID105319,1
MID102520,1
MID105277,1
MID103274,1
MID102454,1
MID100074,0
MID100525,1
MID101578,1
MID102413,2
MID105997,1
MID103113,0
MID104775,1
MID101359,2
MID102352,1
MID104316,1
MID103728,1
MID100607,0
MID104735,1
MID100294,1
MID104978,1
MID104119,1
MID105518,1
MID101867,1
MID100519,1
MID102611,1
MID105403,2
MID101825,1
MID105294,1
MID105212,0
MID100616,1
MID102442,1
MID103268,1
MID104472,1
MID101892,2
MID102449,1
MID104364,1
MID101401,1
MID101808,1
MID105911,2
MID100913,1
MID104236,2
MID104800,1
MID103120,1
MID102461,1
MID105863,1
MID104487,1
MID103706,1
MID101484,1
MID104661,1
MID103069,1
MID104827,1
MID102604,1
MID102789,1
MID102347,1
MID102194,1
MID100956,1
MID103044,1
MID104813,1
MID101105,1
MID102327,1
MID101587,1
MID100893,1
MID100949,2
MID100135,1
MID100309,2
MID102160,2
MID100742,1
MID101507,1
MID102101,1
MID103507,1
MID103464,1
MID105156,1
MID100118,2
MID101884,1
MID105040,1
MID101807,1
MID100238,1
MID103854,1
MID103690,0
MID104441,1
MID101520,1
MID101659,1
MID103637,1
MID102467,1
MID102397,0
MID105573,1
MID101291,1
MID101049,1
MID102840,1
MID102481,2
MID100655,1
MID102990,1
MID104729,1
MID103465,1
MID105780,1
MID102841,1
MID105580,1
MID105975,1
MID104424,1
MID102090,1
MID101784,1
MID100778,1
MID105837,1
MID101754,1
MID101955,1
MID101571,1
MID105214,1
MID105474,1
MID100306,1
MID105283,1
MID100103,1
MID101137,1
MID105533,1
MID104303,1
MID101155,1
MID103277,1
MID100861,1
MID103217,1
MID103639,2
MID105953,1
MID100767,1
MID103987,1
MID103308,1
MID104300,1
MID105550,2
MID103241,1
MID104811,1
MID100955,2
MID105234,1
MID100368,1
MID104930,1
MID101249,1
MID105450,1
MID100349,1
MID105598,1
MID103899,1
MID104386,1
MID100073,1
MID104654,1
MID102678,1
MID104482,1
MID103091,1
MID104366,1
MID100366,1
MID102202,1
MID105828,1
MID103913,1
MID102319,1
MID101124,0
MID103763,2
MID104074,0
MID104843,1
MID103445,2
MID105569,2
MID103313,1
MID104346,1
MID102147,2
MID105266,1
MID105772,1
MID101874,1
MID101025,1
MID105690,1
MID100300,1
MID100612,1
MID103243,1
MID101333,0
MID101380,1
MID101793,1
MID104101,1
MID100958,1
MID105422,1
MID103259,1
MID105590,1
MID100002,1
MID105025,1
MID104069,2
MID103664,1
MID104070,1
MID105142,1
MID103808,1
MID103397,1
MID102022,2
MID104483,1
MID104676,1
MID102236,1
MID104765,1
MID103716,1
MID103862,1
MID105078,1
MID102617,1
MID100688,1
MID105660,1
MID101567,1
MID101174,1
MID103811,1
MID100375,1
MID100426,2
MID102614,2
MID102431,1
MID100748,1
MID103339,2
MID101031,1
MID105686,2
MID102268,2
MID102954,1
MID101992,1
MID101350,1
MID100085,1
MID101723,0
MID101144,1
MID104712,1
MID102388,1
MID101448,1
MID105141,1
MID101216,1
MID105855,2
MID101447,1
MID103662,1
MID105408,1
MID100747,2
MID101136,1
MID105315,0
MID104396,1
MID100532,1
MID103433,1
MID102120,1
MID101819,1
MID102986,2
MID102107,2
MID100779,1
MID103787,1
MID103051,1
MID101387,1
MID104437,1
MID103311,1
MID100763,1
MID101050,1
MID102618,1
MID103326,1
MID101924,1
MID105386,1
MID102065,2
MID105314,1
MID102320,1
MID104625,1
MID101491,1
MID101304,1
MID102428,1
MID103150,2
MID101148,2
MID102287,1
MID103920,2
MID103796,2
MID101901,1
MID101198,1
MID103927,1
MID100024,1
MID100676,1
MID101301,0
MID103905,2
MID104911,1
MID103187,2
MID102303,1
MID105343,1
MID102372,1
MID100889,1
MID100351,1
MID105910,1
MID103806,1
MID102448,1
MID102864,1
MID105812,1
MID101796,1
MID100863,1
MID101453,1
MID100844,1
MID102687,0
MID102536,1
MID102379,1
MID102511,1
MID103389,1
MID103605,2
MID100121,1
MID103589,1
MID104807,1
MID104486,1
MID105554,1
MID105843,0
MID100862,1
MID104513,1
MID102584,1
MID104648,1
MID104253,1
MID105576,1
MID103833,1
MID101827,1
MID100279,1
MID103074,1
MID100731,1
MID105402,1
MID102386,1
MID100291,1
MID104391,0
MID103431,1
MID102200,1
MID105710,1
MID105032,2
MID103443,1
MID101139,1
MID104304,2
MID100330,2
MID102254,1
MID102838,1
MID100543,1
MID103304,1
MID105947,1
MID104841,1
MID103897,1
MID104479,1
MID105205,1
MID104934,1
MID100914,1
MID105948,1
MID104596,1
MID103962,1
MID100660,1
MID104461,2
MID101187,1
MID100987,1
MID105807,1
MID103945,1
MID103084,1
MID105021,1
MID104834,0
MID101437,1
MID104597,2
MID101075,1
MID100092,1
MID105347,1
MID100753,2
MID103753,1
MID105153,1
MID104645,1
MID100422,1
MID100756,1
MID101995,1
MID102857,1
MID104350,2
MID105033,1
MID102218,1
MID102844,1
MID101762,1
MID104801,1
MID100566,2
MID105671,1
MID103812,1
MID101837,1
MID102926,1
MID105816,1
MID104543,1
MID103062,1
MID104198,1
MID105719,1
MID101069,1
MID100477,1
MID101598,1
MID100700,2
MID105112,1
MID103255,2
MID100170,1
MID103799,1
MID103023,2
MID102992,1
MID103961,1
MID105568,1
MID101276,1
MID101797,1
MID103693,1
MID101043,1
MID101392,1
MID104739,1
MID102943,1
MID103036,1
MID100443,1
MID104571,1
MID100706,2
MID103234,2
MID104130,1
MID100611,1
MID105927,1
MID103371,1
MID104564,1
MID100802,0
MID102018,1
MID103061,1
MID101828,0
MID100044,1
MID100858,1
MID101585,1
MID101756,2
MID102908,2
MID102695,1
MID101173,1
MID101307,1
MID103604,1
MID105100,1
MID102282,1
MID103613,1
MID101032,1
MID105250,1
MID104299,1
MID102241,2
MID103204,1
MID105748,1
MID101419,1
MID103020,1
MID100652,2
MID103768,1
MID103731,1
MID103282,2
MID104489,1
MID101169,2
MID102124,1
MID104029,1
MID103773,1
MID104763,2
MID103569,1
MID101444,1
MID101509,1
MID102244,1
MID104932,1
MID101776,1
MID100292,1
MID104842,1
MID104968,1
MID101097,1
MID102749,1
MID101488,1
MID105844,1
MID100683,1
MID104169,1
MID101146,1
MID103673,1
MID100600,1
MID102675,0
MID101883,1
MID102696,1
MID103009,1
MID103590,1
MID105803,1
MID103873,2
MID101523,1
MID100489,1
MID105197,2
MID103607,1
MID100899,2
MID105221,1
MID103211,1
MID104818,1
MID102039,1
MID104395,1
MID105989,1
MID105793,1
MID101408,1
MID101205,1
MID102706,1
MID104140,1
MID104202,1
MID105775,1
MID105602,1
MID102390,1
MID102077,1
MID100576,1
MID103198,2
MID105462,1
MID104026,1
MID105839,1
MID101472,2
MID101599,1
MID101986,1
MID104573,1
MID101398,2
MID100338,1
MID100175,1
MID101699,1
MID101190,1
MID104790,1
MID105165,1
MID103018,1
MID101107,1
MID105200,1
MID103974,1
MID101554,1
MID102110,1
MID105053,1
MID100593,1
MID102087,1
MID101225,1
MID102697,2
MID101516,1
MID105769,1
MID101993,1
MID105452,1
MID102709,1
MID105459,2
MID103356,1
MID105571,1
MID101956,1
MID104882,1
MID103549,1
MID102555,1
MID100500,2
MID102445,1
MID100212,1
MID105419,1
MID101242,2
MID100965,1
MID100699,1
MID103184,1
MID104598,1
MID104809,1
MID105285,2
MID105967,2
MID105505,1
MID101450,1
MID103240,1
MID102705,1
MID101535,2
MID104017,1
MID100744,1
MID100447,1
MID105331,1
MID100136,1
MID101902,1
MID102184,1
MID104657,1
MID105083,1
MID103083,1
MID100319,1
MID103939,2
MID103570,1
MID100455,1
MID100207,1
MID102812,1
MID101353,2
MID105985,1
MID102997,1
MID103296,1
MID101909,1
MID102601,1
MID100194,1
MID104721,1
MID103953,1
MID101695,1
MID104553,1
MID104056,1
MID101732,1
MID101586,1
MID102498,1
MID104419,1
MID104558,0
MID105416,1
MID101838,1
MID100793,1
MID102648,2
MID105737,1
MID105522,2
MID105380,1
MID104474,1
MID101547,1
MID101782,1
MID100080,1
MID102172,1
MID100444,1
MID103171,2
MID101370,1
MID104239,1
MID104528,1
MID101885,1
MID104572,1
MID101009,1
MID102756,1
MID101006,1
MID101638,1
MID102316,1
MID103568,1
MID104570,1
MID103655,1
MID102882,1
MID100631,1
MID101045,1
MID103758,1
MID103895,1
MID105984,1
MID105373,0
MID100151,1
MID105852,1
MID102024,1
MID102450,1
MID105124,1
MID103496,1
MID105290,1
MID103561,1
MID102025,1
MID102281,1
MID100737,1
MID103312,1
MID102161,1
MID104835,1
MID102694,1
MID100132,1
MID101231,1
MID101618,1
MID104423,2
MID102144,1
MID101555,2
MID104496,1
MID103489,1
MID103732,1
MID101987,1
MID103230,0
MID100290,2
MID101579,0
MID102724,1
MID103994,1
MID104034,1
MID100094,1
MID102047,1
MID103195,2
MID104326,1
MID103140,1
MID104149,1
MID105392,1
MID100241,1
MID101106,2
MID103894,0
MID104515,1
MID104770,1
MID104154,1
MID105723,1
MID101471,1
MID102191,1
MID100888,2
MID102436,1
MID101803,1
MID100879,1
MID104449,1
MID100197,1
MID103877,0
MID103485,1
MID105274,1
MID103491,1
MID104108,1
MID104494,1
MID102876,1
MID100526,1
MID103430,1
MID101727,1
MID100217,1
MID102957,2
MID100149,1
MID101053,1
MID104859,1
MID100808,1
MID104381,1
MID103847,2
MID101984,1
MID102028,1
MID105964,1
MID103487,1
MID104998,1
MID103592,2
MID102129,1
MID104885,1
MID100819,1
MID102913,1
MID103176,1
MID104183,1
MID100225,1
MID100239,1
MID103795,1
MID100030,1
MID102732,1
MID102117,1
MID104141,1
MID105039,1
MID102887,2
MID101193,1
MID105050,2
MID105655,1
MID104429,1
MID105874,1
MID100395,1
MID103565,1
MID105445,1
MID101534,1
MID104058,1
MID100871,1
MID103901,1
MID101602,1
MID100381,1
MID102818,1
MID103412,2
MID101162,1
MID104824,1
MID105978,1
MID103208,2
MID102570,1
MID102420,1
MID103578,1
MID104804,1
MID104452,1
MID102720,1
MID101589,1
MID105395,1
MID103483,1
MID104292,1
MID101058,1
MID100301,1
MID104081,1
MID100100,1
MID104652,1
MID101722,1
MID103406,1
MID102866,0
MID102170,1
MID105897,1
MID104631,1
MID102325,1
MID103509,1
MID105977,1
MID104028,1
MID103831,1
MID104868,1
MID103751,1
MID101931,1
MID102975,1
MID104973,1
MID105352,1
MID101303,1
MID100310,1
MID102621,1
MID102084,1
MID105887,1
MID102849,1
MID101847,1
MID105987,1
MID101305,1
MID101600,1
MID101750,1
MID100384,1
MID100577,2
MID103555,1
MID102718,1
MID102911,1
MID102185,1
MID104272,2
MID102085,1
MID103600,1
MID101114,2
MID102597,1
MID105381,1
MID104914,1
MID100157,1
MID103147,1
MID101374,1
MID100998,2
MID105646,1
MID103008,1
MID101648,1
MID101178,1
MID102368,1
MID100997,1
MID104050,1
MID102389,2
MID101777,1
MID104602,1
MID102258,1
MID103425,1
MID104322,1
MID103530,1
MID101311,1
MID103714,2
MID104294,1
MID103298,2
MID105312,1
MID102698,1
MID100441,1
MID101314,1
MID105622,0
MID104681,1
MID100116,1
MID102582,0
MID103314,1
MID102895,1
MID100064,2
MID103804,1
MID105335,1
MID103896,1
MID105539,1
MID101189,1
MID103080,1
MID104972,1
MID103364,1
MID103887,1
MID104430,1
MID102295,2
MID105861,1
MID101945,1
MID105454,1
MID100673,1
MID104923,1
MID100342,0
MID101877,1
MID105089,1
MID100260,1
MID103933,1
MID105233,1
MID104048,1
MID101466,1
MID103417,1
MID101736,1
MID101927,1
MID104949,1
MID105800,1
MID105090,1
MID103830,1
MID103598,1
MID103075,1
MID105412,0
MID103014,1
MID100124,1
MID100940,1
MID100538,1
MID101171,1
MID105709,1
MID104372,1
MID101570,1
MID101969,1
MID102730,1
MID102308,2
MID101733,1
MID101968,2
MID100784,2
MID100865,1
MID100482,2
MID101562,2
MID102125,1
MID105135,1
MID104281,0
MID100325,1
MID101336,1
MID102708,1
MID101250,1
MID103739,1
MID102585,1
MID104054,1
MID101526,1
MID103675,1
MID104561,1
MID102871,1
MID103155,1
MID101080,1
MID105196,1
MID105037,2
MID105783,1
MID100615,1
MID105417,1
MID100959,1
MID101740,1
MID102929,1
MID104144,1
MID104866,1
MID105409,1
MID104229,1
MID101683,1
MID101905,1
MID102853,1
MID102935,1
MID102885,1
MID104803,1
MID102622,1
MID102598,1
MID105698,1
MID100014,1
MID105481,1
MID103695,1
MID100909,1
MID102859,1
MID105495,1
MID101010,1
MID100935,1
MID101831,1
MID101591,1
MID103658,1
MID103239,1
MID104893,1
MID101932,1
MID103756,1
MID101755,1
MID105086,1
MID101907,2
MID105478,1
MID104723,1
MID103029,1
MID100972,1
MID102235,1
MID101192,1
MID101860,1
MID100017,1
MID100460,1
MID104822,1
MID102471,1
MID103026,1
MID100886,2
MID101887,1
MID105611,1
MID103580,1
MID100824,1
MID102460,1
MID100340,1
MID100254,1
MID102331,1
MID105429,1
MID100580,1
MID104000,1
MID105467,1
MID105669,1
MID105925,1
MID103112,1
MID102215,0
MID100353,1
MID105162,1
MID102132,2
MID105147,1
MID100258,1
MID104821,1
MID100004,1
MID100829,0
MID105672,1
MID103972,2
MID105520,1
MID103941,1
MID104686,0
MID100006,2
MID101674,1
MID100267,1
MID103889,1
MID101818,1
MID101455,1
MID104405,1
MID105651,1
MID102409,2
MID104534,1
MID103636,1
MID102232,1
MID102668,1
MID104696,1
MID101062,2
MID104414,1
MID101942,1
MID102220,1
MID104377,1
MID100812,1
MID105475,1
MID100551,1
MID102510,1
MID104212,2
MID100246,1
MID105516,1
MID103883,1
MID103852,1
MID102747,1
MID101565,1
MID105623,1
MID102439,1
MID103986,1
MID103829,1
MID103937,1
MID103769,1
MID100065,1
MID101024,1
MID104164,2
MID104876,1
MID101224,1
MID104548,1
MID102441,1
MID100864,1
MID100574,1
MID104184,1
MID103098,1
MID102246,1
MID103757,2
MID102083,1
MID103005,1
MID101702,1
MID103698,1
MID103707,1
MID101410,1
MID103334,1
MID104684,1
MID104361,1
MID101636,1
MID100248,1
MID104063,2
MID100711,1
MID103524,1
MID102491,1
MID104091,1
MID103151,1
MID103256,1
MID103372,1
MID102089,1
MID103915,1
MID102775,1
MID104327,1
MID105190,1
MID100090,1
MID101566,1
MID104387,2
MID104174,1
MID103572,1
MID105350,1
MID104010,1
MID100043,1
MID102377,1
MID103744,1
MID105675,1
MID100467,1
MID104768,1
MID101159,1
MID103752,2
MID105586,1
MID103620,1
MID103110,1
MID103848,1
MID104128,0
MID105145,1
MID104627,1
MID104526,1
MID102820,1
MID105821,1
MID103742,1
MID102852,1
MID100903,1
MID103192,2
MID100328,2
MID102355,1
MID100405,1
MID101538,1
MID104810,1
MID101817,1
MID105514,1
MID104504,1
MID101292,1
MID105364,1
MID105311,1
MID105688,1
MID102839,1
MID100936,1
MID102002,2
MID104727,1
MID104518,1
MID100374,2
MID101285,1
MID103096,2
MID103059,1
MID101388,1
MID104438,1
MID102126,1
MID102973,1
MID105151,1
MID105713,1
MID105882,1
MID104291,1
MID102677,2
MID105885,1
MID100798,1
MID105252,1
MID105091,1
MID102105,1
MID104579,1
MID102462,1
MID105853,1
MID101872,1
MID105301,1
MID100255,1
MID101223,1
MID100528,1
MID103542,1
MID101985,1
MID102078,1
MID100665,1
MID105629,1
MID105788,1
MID100508,1
MID105436,1
MID105043,1
MID103533,1
MID105645,1
MID105195,1
MID105263,1
MID105243,1
MID104123,1
MID105712,1
MID102411,1
MID102654,1
MID102810,1
MID100153,1
MID104230,1
MID100557,1
MID103997,1
MID102139,1
MID102953,1
MID104248,2
MID101011,1
MID104742,1
MID102942,1
MID104693,1
MID104871,1
MID101572,1
MID103777,2
MID101457,1
MID105426,1
MID102406,1
MID104007,1
MID101184,1
MID103319,1
MID100142,1
MID105120,1
MID101967,1
MID102142,1
MID103212,1
MID104620,1
MID101431,1
MID103996,1
MID105146,2
MID102314,1
MID102340,1
MID100019,1
MID104287,1
MID101637,1
MID103473,1
MID100690,1
MID100034,1
MID103781,1
MID103657,1
MID100052,1
MID101917,1
MID102786,1
MID102685,1
MID100119,2
MID104274,1
MID100786,1
MID103856,1
MID105430,1
MID103178,1
MID102919,2
MID104578,1
MID102667,1
MID103242,1
MID104828,2
MID102290,2
MID105752,2
MID105323,1
MID104296,2
MID100946,1
MID104927,2
MID104447,1
MID104267,1
MID100367,1
MID104279,1
MID100885,2
MID105677,1
MID101560,1
MID101698,1
MID102672,2
MID105517,1
MID104086,1
MID101482,1
MID104506,1
MID103280,1
MID105375,1
MID105201,1
MID104264,1
MID100717,1
MID102499,1
MID104189,1
MID101204,1
MID101355,1
MID102058,1
MID101788,1
MID105527,1
MID103470,1
MID103011,1
MID102009,1
MID105188,1
MID104756,1
MID100060,1
MID102801,1
MID102156,1
MID100199,1
MID101943,1
MID105936,1
MID102901,1
MID102050,1
MID100134,1
MID105393,1
MID102646,1
MID102656,1
MID104889,1
MID104525,2
MID104066,1
MID100772,1
MID103989,1
MID100512,1
MID104356,1
MID102181,2
MID104295,1
MID101468,1
MID102529,1
MID103461,1
MID102757,1
MID103958,2
MID101934,1
MID102623,1
MID100831,1
MID101530,1
MID103213,1
MID100492,1
MID103474,1
MID101394,1
MID100436,1
MID103802,1
MID104484,2
MID103462,1
MID102204,1
MID102750,1
MID102681,1
MID105110,1
MID102131,1
MID100399,1
MID101214,2
MID101650,1
MID102256,2
MID101065,1
MID105913,1
MID100245,1
MID102861,2
MID104456,1
MID103839,1
MID105877,1
MID105123,1
MID102995,1
MID100109,2
MID102398,2
MID104680,1
MID105687,1
MID100159,1
MID104454,1
MID104432,1
MID103960,1
MID100473,1
MID102599,1
MID100983,1
MID102670,1
MID100411,1
MID103053,1
MID101679,1
MID100930,2
MID103878,1
MID105137,1
MID105579,1
MID100417,2
MID102517,1
MID105707,2
MID101118,2
MID105030,1
MID100476,1
MID105570,2
MID102196,2
MID103556,2
MID103801,1
MID101042,1
MID104855,1
MID101662,1
MID103148,2
MID102580,2
MID100728,1
MID105187,1
MID105875,1
MID105790,1
MID105295,1
MID105530,1
MID105008,1
MID100664,1
MID103944,1
MID100868,2
MID100639,1
MID100283,1
MID100421,1
MID103197,1
MID101247,1
MID103886,1
MID102075,1
MID102896,1
MID105624,1
MID103649,1
MID104967,1
MID101263,1
MID103193,1
MID102188,1
MID100963,1
MID101246,1
MID100281,1
MID100780,1
MID105322,1
MID104286,2
MID105555,1
MID100269,2
MID101147,1
MID105768,1
MID101295,1
MID100054,2
MID105210,1
MID102487,1
MID104321,1
MID104644,2
MID102336,1
MID100222,1
MID104411,1
MID102653,1
MID102500,1
MID103593,1
MID100388,1
MID101830,1
MID102737,2
MID103794,1
MID101761,1
MID100881,1
MID105519,1
MID101286,1
MID102508,1
MID102225,1
MID101577,1
MID101974,1
MID102036,2
MID102518,1
MID104507,1
MID101627,1
MID100804,1
MID100097,1
MID105186,1
MID104825,1
MID100171,1
MID104635,1
MID101716,1
MID102579,1
MID105960,1
MID100671,1
MID101753,1
MID100285,1
MID104669,1
MID105361,1
MID102806,2
MID104994,1
MID101405,2
MID103180,1
MID105487,1
MID102923,1
MID105281,1
MID102312,1
MID103898,1
MID105565,1
MID105776,1
MID103681,1
MID103821,1
MID103612,1
MID102020,1
MID100533,2
MID102001,1
MID105121,1
MID100062,1
MID100901,1
MID101876,1
MID105044,1
MID102412,1
MID101737,1
MID102930,1
MID104671,1
MID105883,1
MID100068,1
MID104935,1
MID101886,1
MID103685,1
MID101851,1
MID102543,2
MID104630,1
MID101854,1
MID104094,1
MID101197,1
MID103402,1
MID104959,1
MID104148,1
MID102833,1
MID104802,1
MID102717,1
MID103743,2
MID102472,1
