month,issuer_bank,success_rate,sr_baseline,volume_share,share_baseline,sr_delta,rate_effect,mix_effect,failed_value_inr
2024-08-01,UNION,0.894475,0.9005340664896979,0.046799,0.04602475772424416,-0.006059,-0.00027887,-2.3e-05,295479.18
2024-08-01,KOTAK,0.948441,0.9526098065458085,0.059608,0.059770807062249194,-0.004169,-0.00024917,-3.64e-06,198282.81
2024-08-01,IDFC,0.942223,0.947259891802722,0.030571,0.029977034163681398,-0.005037,-0.00015099,1.011e-05,97218.95
2024-08-01,YES,0.942276,0.9389032939594737,0.038187,0.037863086381506324,0.003373,0.0001277,2.81e-06,175768.69
2024-08-01,AXIS,0.9456,0.9469212935675272,0.092079,0.09253603047373037,-0.001321,-0.00012227,-7.63e-06,311507.57
2024-08-01,CANARA,0.904229,0.906629914405919,0.050459,0.05012777382650976,-0.002401,-0.00012035,-7.82e-06,261025.59
2024-08-01,ICICI,0.956971,0.9559988608119304,0.111487,0.1123537000594872,0.000972,0.00010922,-2.233e-05,297337.89
2024-08-01,BOB,0.911953,0.9106099330858838,0.05633,0.05662264032940485,0.001343,7.605e-05,5.74e-06,299701.56
2024-08-01,PAYTM_PB,0.933333,0.9361504907306434,0.026388,0.026674695255424024,-0.002817,-7.516e-05,-1.7e-06,125591.22
2024-08-01,PNB,0.905521,0.9046905098545306,0.075377,0.07663738849788304,0.00083,6.365e-05,3.22e-05,428263.12
2024-08-01,RRB_GRAMIN,0.86788,0.8667256719616155,0.047378,0.046834161645162554,0.001154,5.406e-05,-3.454e-05,323415.13
2024-08-01,SBI,0.917912,0.9178093529104172,0.195802,0.1933122728323901,0.000103,1.984e-05,-3.094e-05,976856.12
2024-08-01,HDFC,0.959056,0.9589587771571062,0.145809,0.14815218829949545,9.7e-05,1.44e-05,-6.73e-05,360671.86
2024-08-01,AU_SFB,0.928827,0.9288928043293585,0.023725,0.023113463448831563,-6.6e-05,-1.52e-06,-8.2e-07,95976.15
2024-09-01,PNB,0.908499,0.9046905098545306,0.076646,0.07663738849788304,0.003808,0.00029187,-2.2e-07,518712.71
2024-09-01,KOTAK,0.956668,0.9526098065458085,0.059504,0.059770807062249194,0.004058,0.00024256,-5.97e-06,204880.46
2024-09-01,PAYTM_PB,0.943325,0.9361504907306434,0.02586,0.026674695255424024,0.007175,0.00019138,-4.82e-06,112474.83
2024-09-01,SBI,0.91879,0.9178093529104172,0.194307,0.1933122728323901,0.000981,0.00018957,-1.236e-05,1114344.65
2024-09-01,AU_SFB,0.934982,0.9288928043293585,0.02371,0.023113463448831563,0.006089,0.00014074,-8e-07,105193.9
2024-09-01,UNION,0.902788,0.9005340664896979,0.046346,0.04602475772424416,0.002254,0.00010374,-9.54e-06,305398.43
2024-09-01,BOB,0.90917,0.9106099330858838,0.056355,0.05662264032940485,-0.00144,-8.153e-05,5.25e-06,361467.59
2024-09-01,RRB_GRAMIN,0.868388,0.8667256719616155,0.0471,0.046834161645162554,0.001662,7.785e-05,-1.688e-05,445430.43
2024-09-01,HDFC,0.958459,0.9589587771571062,0.147527,0.14815218829949545,-0.0005,-7.404e-05,-1.796e-05,515771.22
2024-09-01,CANARA,0.905376,0.906629914405919,0.049277,0.05012777382650976,-0.001254,-6.286e-05,2.008e-05,327382.07
2024-09-01,YES,0.937807,0.9389032939594737,0.03753,0.037863086381506324,-0.001096,-4.151e-05,-2.89e-06,173840.67
2024-09-01,IDFC,0.94637,0.947259891802722,0.029757,0.029977034163681398,-0.00089,-2.668e-05,-3.75e-06,104642.07
2024-09-01,AXIS,0.947197,0.9469212935675272,0.093343,0.09253603047373037,0.000276,2.551e-05,1.346e-05,353542.39
2024-09-01,ICICI,0.955848,0.9559988608119304,0.112738,0.1123537000594872,-0.000151,-1.695e-05,9.9e-06,363092.68
2024-10-01,SBI,0.916319,0.9178093529104172,0.192879,0.1933122728323901,-0.00149,-0.0002881,5.38e-06,1536721.93
2024-10-01,HDFC,0.960093,0.9589587771571062,0.148117,0.14815218829949545,0.001134,0.00016804,-1.01e-06,685352.68
2024-10-01,AXIS,0.948249,0.9469212935675272,0.092845,0.09253603047373037,0.001328,0.00012286,5.16e-06,501603.21
2024-10-01,UNION,0.898357,0.9005340664896979,0.045844,0.04602475772424416,-0.002177,-0.0001002,5.37e-06,429922.54
2024-10-01,PAYTM_PB,0.939666,0.9361504907306434,0.027044,0.026674695255424024,0.003516,9.378e-05,2.18e-06,160939.06
2024-10-01,ICICI,0.955254,0.9559988608119304,0.112989,0.1123537000594872,-0.000745,-8.369e-05,1.637e-05,551186.24
2024-10-01,BOB,0.911797,0.9106099330858838,0.056387,0.05662264032940485,0.001187,6.721e-05,4.62e-06,495288.92
2024-10-01,RRB_GRAMIN,0.865436,0.8667256719616155,0.046754,0.046834161645162554,-0.00129,-6.04e-05,5.09e-06,587013.55
2024-10-01,AU_SFB,0.92693,0.9288928043293585,0.022706,0.023113463448831563,-0.001963,-4.537e-05,5.5e-07,184372.35
2024-10-01,IDFC,0.948583,0.947259891802722,0.029751,0.029977034163681398,0.001323,3.966e-05,-3.85e-06,170407.22
2024-10-01,CANARA,0.905875,0.906629914405919,0.051339,0.05012777382650976,-0.000755,-3.784e-05,-2.859e-05,464952.51
2024-10-01,PNB,0.904213,0.9046905098545306,0.076245,0.07663738849788304,-0.000478,-3.66e-05,1.002e-05,805756.62
2024-10-01,KOTAK,0.952647,0.9526098065458085,0.059638,0.059770807062249194,3.7e-05,2.22e-06,-2.97e-06,282937.63
2024-10-01,YES,0.938855,0.9389032939594737,0.037462,0.037863086381506324,-4.8e-05,-1.83e-06,-3.48e-06,221144.69
2024-11-01,UNION,0.90442,0.9005340664896979,0.045219,0.04602475772424416,0.003886,0.00017885,2.393e-05,454159.83
2024-11-01,PAYTM_PB,0.9302,0.9361504907306434,0.026363,0.026674695255424024,-0.00595,-0.00015873,-1.84e-06,188155.92
2024-11-01,AXIS,0.948403,0.9469212935675272,0.093771,0.09253603047373037,0.001482,0.00013711,2.061e-05,556605.65
2024-11-01,HDFC,0.959827,0.9589587771571062,0.148526,0.14815218829949545,0.000868,0.00012863,1.074e-05,661732.45
2024-11-01,IDFC,0.943039,0.947259891802722,0.029586,0.029977034163681398,-0.004221,-0.00012653,-6.66e-06,167497.27
2024-11-01,SBI,0.917201,0.9178093529104172,0.192805,0.1933122728323901,-0.000608,-0.0001176,6.3e-06,1644414.91
2024-11-01,RRB_GRAMIN,0.864272,0.8667256719616155,0.046406,0.046834161645162554,-0.002454,-0.00011492,2.719e-05,572097.85
2024-11-01,PNB,0.903269,0.9046905098545306,0.077733,0.07663738849788304,-0.001422,-0.00010894,-2.799e-05,836445.83
2024-11-01,YES,0.93829,0.9389032939594737,0.037648,0.037863086381506324,-0.000613,-2.322e-05,-1.86e-06,244495.32
2024-11-01,ICICI,0.956144,0.9559988608119304,0.112339,0.1123537000594872,0.000145,1.631e-05,-3.8e-07,501473.32
2024-11-01,CANARA,0.906876,0.906629914405919,0.0495,0.05012777382650976,0.000246,1.234e-05,1.482e-05,425692.91
2024-11-01,AU_SFB,0.928391,0.9288928043293585,0.023328,0.023113463448831563,-0.000502,-1.16e-05,-2.9e-07,173527.15
2024-11-01,BOB,0.910798,0.9106099330858838,0.056761,0.05662264032940485,0.000188,1.065e-05,-2.72e-06,537398.33
2024-11-01,KOTAK,0.952747,0.9526098065458085,0.060014,0.059770807062249194,0.000137,8.2e-06,5.44e-06,346199.69
2024-12-01,PNB,0.900063,0.9046905098545306,0.076282,0.07663738849788304,-0.004628,-0.00035464,9.08e-06,847694.7
2024-12-01,UNION,0.905614,0.9005340664896979,0.046449,0.04602475772424416,0.00508,0.0002338,-1.26e-05,403161.9
2024-12-01,AXIS,0.944927,0.9469212935675272,0.091813,0.09253603047373037,-0.001994,-0.00018454,-1.206e-05,594765.18
2024-12-01,CANARA,0.909502,0.906629914405919,0.049873,0.05012777382650976,0.002872,0.00014397,6.01e-06,506900.28
2024-12-01,IDFC,0.951563,0.947259891802722,0.029891,0.029977034163681398,0.004303,0.00012899,-1.46e-06,150192.95
2024-12-01,RRB_GRAMIN,0.86495,0.8667256719616155,0.04704,0.046834161645162554,-0.001776,-8.316e-05,-1.307e-05,562342.07
2024-12-01,KOTAK,0.953938,0.9526098065458085,0.059739,0.059770807062249194,0.001328,7.939e-05,-7.1e-07,310436.23
2024-12-01,SBI,0.917476,0.9178093529104172,0.193259,0.1933122728323901,-0.000333,-6.444e-05,6.6e-07,1652221.6
2024-12-01,AU_SFB,0.931124,0.9288928043293585,0.022844,0.023113463448831563,0.002231,5.157e-05,3.6e-07,159318.81
2024-12-01,YES,0.937643,0.9389032939594737,0.038737,0.037863086381506324,-0.00126,-4.772e-05,7.57e-06,233706.41
2024-12-01,PAYTM_PB,0.937075,0.9361504907306434,0.026589,0.026674695255424024,0.000925,2.466e-05,-5.1e-07,206051.38
2024-12-01,ICICI,0.956144,0.9559988608119304,0.111252,0.1123537000594872,0.000145,1.631e-05,-2.838e-05,503801.63
2024-12-01,HDFC,0.958898,0.9589587771571062,0.149169,0.14815218829949545,-6.1e-05,-9e-06,2.921e-05,661494.72
2024-12-01,BOB,0.910739,0.9106099330858838,0.057061,0.05662264032940485,0.000129,7.31e-06,-8.6e-06,581639.37
2025-01-01,SBI,0.919553,0.9178093529104172,0.192231,0.1933122728323901,0.001744,0.00033707,1.344e-05,1441088.09
2025-01-01,PNB,0.908408,0.9046905098545306,0.076938,0.07663738849788304,0.003717,0.0002849,-7.68e-06,640080.17
2025-01-01,UNION,0.894914,0.9005340664896979,0.04595,0.04602475772424416,-0.00562,-0.00025866,2.22e-06,438143.13
2025-01-01,HDFC,0.957257,0.9589587771571062,0.148464,0.14815218829949545,-0.001702,-0.00025212,8.96e-06,690884.37
2025-01-01,RRB_GRAMIN,0.870691,0.8667256719616155,0.046655,0.046834161645162554,0.003965,0.00018571,1.138e-05,507690.49
2025-01-01,KOTAK,0.95039,0.9526098065458085,0.059964,0.059770807062249194,-0.00222,-0.00013268,4.32e-06,280779.09
2025-01-01,AU_SFB,0.92444,0.9288928043293585,0.022804,0.023113463448831563,-0.004453,-0.00010292,4.2e-07,137602.65
2025-01-01,BOB,0.909371,0.9106099330858838,0.056601,0.05662264032940485,-0.001239,-7.015e-05,4.2e-07,561068.62
2025-01-01,IDFC,0.949293,0.947259891802722,0.030545,0.029977034163681398,0.002033,6.095e-05,9.67e-06,159818.81
2025-01-01,PAYTM_PB,0.934419,0.9361504907306434,0.027483,0.026674695255424024,-0.001731,-4.619e-05,4.78e-06,175152.63
2025-01-01,YES,0.939882,0.9389032939594737,0.037623,0.037863086381506324,0.000979,3.706e-05,-2.08e-06,216076.7
2025-01-01,AXIS,0.946615,0.9469212935675272,0.09134,0.09253603047373037,-0.000306,-2.834e-05,-1.996e-05,468354.57
2025-01-01,CANARA,0.906341,0.906629914405919,0.050287,0.05012777382650976,-0.000289,-1.448e-05,-3.76e-06,445132.39
2025-01-01,ICICI,0.956016,0.9559988608119304,0.113115,0.1123537000594872,1.7e-05,1.93e-06,1.961e-05,513522.77
2025-02-01,ICICI,0.953582,0.9559988608119304,0.111957,0.1123537000594872,-0.002417,-0.00027154,-1.022e-05,513142.65
2025-02-01,UNION,0.904941,0.9005340664896979,0.046006,0.04602475772424416,0.004407,0.00020283,5.6e-07,389013.55
2025-02-01,YES,0.944209,0.9389032939594737,0.037146,0.037863086381506324,0.005306,0.00020089,-6.21e-06,186116.28
2025-02-01,IDFC,0.952231,0.947259891802722,0.030105,0.029977034163681398,0.004971,0.00014902,2.18e-06,148056.53
2025-02-01,AU_SFB,0.924096,0.9288928043293585,0.023202,0.023113463448831563,-0.004797,-0.00011087,-1.2e-07,183492.18
2025-02-01,AXIS,0.946112,0.9469212935675272,0.093585,0.09253603047373037,-0.000809,-7.489e-05,1.75e-05,533782.52
2025-02-01,CANARA,0.907996,0.906629914405919,0.05036,0.05012777382650976,0.001366,6.848e-05,-5.48e-06,431720.05
2025-02-01,SBI,0.918127,0.9178093529104172,0.191575,0.1933122728323901,0.000318,6.141e-05,2.159e-05,1498767.06
2025-02-01,KOTAK,0.951785,0.9526098065458085,0.059816,0.059770807062249194,-0.000825,-4.93e-05,1.01e-06,256309.16
2025-02-01,HDFC,0.958681,0.9589587771571062,0.149418,0.14815218829949545,-0.000278,-4.115e-05,3.636e-05,657253.81
2025-02-01,BOB,0.909987,0.9106099330858838,0.056727,0.05662264032940485,-0.000623,-3.527e-05,-2.05e-06,465495.65
2025-02-01,PAYTM_PB,0.935086,0.9361504907306434,0.026524,0.026674695255424024,-0.001064,-2.839e-05,-8.9e-07,175294.41
2025-02-01,RRB_GRAMIN,0.86728,0.8667256719616155,0.046696,0.046834161645162554,0.000554,2.596e-05,8.77e-06,561405.9
2025-02-01,PNB,0.904479,0.9046905098545306,0.076884,0.07663738849788304,-0.000212,-1.621e-05,-6.3e-06,682904.16
2025-03-01,RRB_GRAMIN,0.859266,0.8667256719616155,0.045994,0.046834161645162554,-0.00746,-0.00034937,5.336e-05,691069.26
2025-03-01,SBI,0.916554,0.9178093529104172,0.19223,0.1933122728323901,-0.001255,-0.00024268,1.345e-05,1731902.04
2025-03-01,BOB,0.907406,0.9106099330858838,0.057795,0.05662264032940485,-0.003204,-0.00018142,-2.301e-05,630329.6
2025-03-01,PNB,0.903464,0.9046905098545306,0.077483,0.07663738849788304,-0.001227,-9.4e-05,-2.16e-05,811812.51
2025-03-01,AXIS,0.945924,0.9469212935675272,0.092547,0.09253603047373037,-0.000997,-9.229e-05,1.8e-07,560422.09
2025-03-01,YES,0.941054,0.9389032939594737,0.037251,0.037863086381506324,0.002151,8.143e-05,-5.3e-06,243114.2
2025-03-01,HDFC,0.958422,0.9589587771571062,0.150416,0.14815218829949545,-0.000537,-7.952e-05,6.502e-05,754593.94
2025-03-01,CANARA,0.90569,0.906629914405919,0.049065,0.05012777382650976,-0.00094,-4.712e-05,2.509e-05,501937.12
2025-03-01,UNION,0.901178,0.9005340664896979,0.045189,0.04602475772424416,0.000644,2.964e-05,2.482e-05,497203.94
2025-03-01,AU_SFB,0.929939,0.9288928043293585,0.02216,0.023113463448831563,0.001046,2.418e-05,1.28e-06,185896.92
2025-03-01,KOTAK,0.953006,0.9526098065458085,0.059482,0.059770807062249194,0.000396,2.368e-05,-6.46e-06,319574.16
2025-03-01,ICICI,0.955869,0.9559988608119304,0.114242,0.1123537000594872,-0.00013,-1.459e-05,4.865e-05,572494.35
2025-03-01,PAYTM_PB,0.9362,0.9361504907306434,0.026393,0.026674695255424024,5e-05,1.32e-06,-1.67e-06,178087.53
2025-03-01,IDFC,0.947249,0.947259891802722,0.029751,0.029977034163681398,-1.1e-05,-3.3e-07,-3.85e-06,192687.5
2025-04-01,RRB_GRAMIN,0.854569,0.8667256719616155,0.04573,0.046834161645162554,-0.012157,-0.00056935,7.013e-05,745876.29
2025-04-01,SBI,0.918939,0.9178093529104172,0.191028,0.1933122728323901,0.00113,0.00021837,2.839e-05,1743754.4
2025-04-01,ICICI,0.957279,0.9559988608119304,0.113483,0.1123537000594872,0.00128,0.00014383,2.909e-05,563412.37
2025-04-01,YES,0.941792,0.9389032939594737,0.038046,0.037863086381506324,0.002889,0.00010938,1.59e-06,261721.19
2025-04-01,HDFC,0.959697,0.9589587771571062,0.14951,0.14815218829949545,0.000738,0.00010937,3.9e-05,729999.66
2025-04-01,AU_SFB,0.933493,0.9288928043293585,0.022922,0.023113463448831563,0.0046,0.00010633,2.6e-07,147373.57
2025-04-01,BOB,0.908754,0.9106099330858838,0.057459,0.05662264032940485,-0.001856,-0.00010509,-1.641e-05,640686.02
2025-04-01,KOTAK,0.953916,0.9526098065458085,0.061466,0.059770807062249194,0.001306,7.807e-05,3.793e-05,319039.97
2025-04-01,PNB,0.903833,0.9046905098545306,0.077404,0.07663738849788304,-0.000858,-6.572e-05,-1.958e-05,865959.94
2025-04-01,AXIS,0.947298,0.9469212935675272,0.09225,0.09253603047373037,0.000377,3.486e-05,-4.77e-06,551375.93
2025-04-01,PAYTM_PB,0.934898,0.9361504907306434,0.026475,0.026674695255424024,-0.001252,-3.341e-05,-1.18e-06,179012.97
2025-04-01,IDFC,0.948329,0.947259891802722,0.030101,0.029977034163681398,0.001069,3.205e-05,2.11e-06,191324.06
2025-04-01,UNION,0.899969,0.9005340664896979,0.044724,0.04602475772424416,-0.000565,-2.601e-05,3.864e-05,481080.27
2025-04-01,CANARA,0.906589,0.906629914405919,0.049401,0.05012777382650976,-4.1e-05,-2.05e-06,1.716e-05,531845.71
2025-05-01,RRB_GRAMIN,0.858449,0.8667256719616155,0.046822,0.046834161645162554,-0.008277,-0.00038763,7.7e-07,648852.33
2025-05-01,ICICI,0.954146,0.9559988608119304,0.112319,0.1123537000594872,-0.001853,-0.00020818,-8.9e-07,577462.72
2025-05-01,CANARA,0.910624,0.906629914405919,0.049128,0.05012777382650976,0.003994,0.00020021,2.36e-05,463586.35
2025-05-01,SBI,0.918714,0.9178093529104172,0.19093,0.1933122728323901,0.000905,0.00017488,2.96e-05,1652420.8
2025-05-01,AXIS,0.94544,0.9469212935675272,0.092878,0.09253603047373037,-0.001481,-0.00013707,5.71e-06,569143.79
2025-05-01,PNB,0.903032,0.9046905098545306,0.077997,0.07663738849788304,-0.001659,-0.0001271,-3.473e-05,881208.4
2025-05-01,KOTAK,0.954398,0.9526098065458085,0.060785,0.059770807062249194,0.001788,0.00010688,2.269e-05,306050.39
2025-05-01,AU_SFB,0.933456,0.9288928043293585,0.022462,0.023113463448831563,0.004563,0.00010547,8.8e-07,175303.51
2025-05-01,YES,0.940897,0.9389032939594737,0.038489,0.037863086381506324,0.001994,7.549e-05,5.42e-06,269824.79
2025-05-01,UNION,0.899011,0.9005340664896979,0.044675,0.04602475772424416,-0.001523,-7.01e-05,4.009e-05,494377.39
2025-05-01,IDFC,0.945879,0.947259891802722,0.029404,0.029977034163681398,-0.001381,-4.14e-05,-9.76e-06,174789.02
2025-05-01,PAYTM_PB,0.935369,0.9361504907306434,0.026117,0.026674695255424024,-0.000781,-2.085e-05,-3.3e-06,176302.71
2025-05-01,BOB,0.910391,0.9106099330858838,0.057668,0.05662264032940485,-0.000219,-1.24e-05,-2.052e-05,560022.56
2025-05-01,HDFC,0.958896,0.9589587771571062,0.150325,0.14815218829949545,-6.3e-05,-9.3e-06,6.241e-05,691460.78
2025-06-01,RRB_GRAMIN,0.8585,0.8667256719616155,0.045437,0.046834161645162554,-0.008226,-0.00038524,8.873e-05,627684.83
2025-06-01,CANARA,0.912455,0.906629914405919,0.048386,0.05012777382650976,0.005825,0.000292,4.112e-05,466265.13
2025-06-01,AU_SFB,0.93551,0.9288928043293585,0.022136,0.023113463448831563,0.006617,0.00015295,1.31e-06,140137.82
2025-06-01,PNB,0.90319,0.9046905098545306,0.077778,0.07663738849788304,-0.001501,-0.000115,-2.914e-05,823950.45
2025-06-01,AXIS,0.945681,0.9469212935675272,0.091421,0.09253603047373037,-0.00124,-0.00011477,-1.86e-05,591825.21
2025-06-01,HDFC,0.959596,0.9589587771571062,0.151385,0.14815218829949545,0.000637,9.441e-05,9.285e-05,717557.17
2025-06-01,YES,0.940913,0.9389032939594737,0.037731,0.037863086381506324,0.00201,7.609e-05,-1.14e-06,236622.54
2025-06-01,IDFC,0.949653,0.947259891802722,0.029497,0.029977034163681398,0.002393,7.174e-05,-8.17e-06,197755.33
2025-06-01,SBI,0.9175,0.9178093529104172,0.193871,0.1933122728323901,-0.000309,-5.98e-05,-6.94e-06,1653145.31
2025-06-01,PAYTM_PB,0.937466,0.9361504907306434,0.026106,0.026674695255424024,0.001316,3.509e-05,-3.36e-06,183482.35
2025-06-01,BOB,0.911185,0.9106099330858838,0.057613,0.05662264032940485,0.000575,3.256e-05,-1.944e-05,580982.43
2025-06-01,UNION,0.899944,0.9005340664896979,0.044959,0.04602475772424416,-0.00059,-2.716e-05,3.166e-05,453099.21
2025-06-01,ICICI,0.955844,0.9559988608119304,0.112381,0.1123537000594872,-0.000155,-1.74e-05,7e-07,557049.3
2025-06-01,KOTAK,0.95266,0.9526098065458085,0.061299,0.059770807062249194,5e-05,3e-06,3.419e-05,315810.12
2025-07-01,RRB_GRAMIN,0.847771,0.8667256719616155,0.046325,0.046834161645162554,-0.018955,-0.00088773,3.234e-05,690769.05
2025-07-01,AXIS,0.945216,0.9469212935675272,0.093884,0.09253603047373037,-0.001705,-0.0001578,2.249e-05,544506.72
2025-07-01,UNION,0.897202,0.9005340664896979,0.043947,0.04602475772424416,-0.003332,-0.00015336,6.171e-05,509317.68
2025-07-01,YES,0.9429,0.9389032939594737,0.037972,0.037863086381506324,0.003997,0.00015133,9.4e-07,226250.52
2025-07-01,PNB,0.903049,0.9046905098545306,0.077284,0.07663738849788304,-0.001642,-0.0001258,-1.652e-05,853601.84
2025-07-01,CANARA,0.904869,0.906629914405919,0.047601,0.05012777382650976,-0.001761,-8.827e-05,5.965e-05,531075.12
2025-07-01,IDFC,0.948622,0.947259891802722,0.03044,0.029977034163681398,0.001362,4.083e-05,7.88e-06,175487.44
2025-07-01,SBI,0.917611,0.9178093529104172,0.192025,0.1933122728323901,-0.000198,-3.834e-05,1.6e-05,1639038.0
2025-07-01,KOTAK,0.95308,0.9526098065458085,0.060301,0.059770807062249194,0.00047,2.81e-05,1.186e-05,307513.08
2025-07-01,ICICI,0.955915,0.9559988608119304,0.114652,0.1123537000594872,-8.4e-05,-9.42e-06,5.921e-05,530951.55
2025-07-01,BOB,0.910729,0.9106099330858838,0.055424,0.05662264032940485,0.000119,6.74e-06,2.353e-05,507840.74
2025-07-01,PAYTM_PB,0.936356,0.9361504907306434,0.026026,0.026674695255424024,0.000206,5.48e-06,-3.84e-06,163613.2
2025-07-01,HDFC,0.958932,0.9589587771571062,0.15207,0.14815218829949545,-2.7e-05,-3.97e-06,0.00011253,621492.8
2025-07-01,AU_SFB,0.928744,0.9288928043293585,0.022048,0.023113463448831563,-0.000149,-3.44e-06,1.43e-06,169483.71
2025-08-01,SBI,0.824239,0.9178093529104172,0.192094,0.1933122728323901,-0.09357,-0.0180883,1.514e-05,3688339.85
2025-08-01,RRB_GRAMIN,0.848013,0.8667256719616155,0.045504,0.046834161645162554,-0.018713,-0.00087639,8.448e-05,763571.28
2025-08-01,ICICI,0.953747,0.9559988608119304,0.114894,0.1123537000594872,-0.002252,-0.000253,6.544e-05,656846.98
2025-08-01,HDFC,0.960473,0.9589587771571062,0.154117,0.14815218829949545,0.001514,0.00022434,0.00017132,829909.85
2025-08-01,CANARA,0.90259,0.906629914405919,0.047219,0.05012777382650976,-0.00404,-0.00020251,6.867e-05,563096.01
2025-08-01,UNION,0.9043,0.9005340664896979,0.043131,0.04602475772424416,0.003766,0.00017333,8.595e-05,459386.63
2025-08-01,BOB,0.91345,0.9106099330858838,0.056561,0.05662264032940485,0.00284,0.00016081,1.21e-06,564927.12
2025-08-01,PNB,0.902656,0.9046905098545306,0.076578,0.07663738849788304,-0.002035,-0.00015592,1.52e-06,856080.09
2025-08-01,AXIS,0.945309,0.9469212935675272,0.094189,0.09253603047373037,-0.001612,-0.0001492,2.758e-05,617037.63
2025-08-01,YES,0.942197,0.9389032939594737,0.037947,0.037863086381506324,0.003294,0.00012471,7.3e-07,243720.31
2025-08-01,PAYTM_PB,0.933947,0.9361504907306434,0.026365,0.026674695255424024,-0.002203,-5.878e-05,-1.83e-06,200768.5
2025-08-01,AU_SFB,0.930165,0.9288928043293585,0.021606,0.023113463448831563,0.001272,2.94e-05,2.03e-06,188241.08
2025-08-01,KOTAK,0.953078,0.9526098065458085,0.060134,0.059770807062249194,0.000468,2.798e-05,8.13e-06,310806.2
2025-08-01,IDFC,0.948117,0.947259891802722,0.029658,0.029977034163681398,0.000857,2.569e-05,-5.43e-06,178433.97
2025-09-01,SBI,0.731669,0.9178093529104172,0.191473,0.1933122728323901,-0.18614,-0.03598321,2.286e-05,6104054.86
2025-09-01,RRB_GRAMIN,0.845328,0.8667256719616155,0.044965,0.046834161645162554,-0.021398,-0.00100214,0.00011871,855061.83
2025-09-01,KOTAK,0.955211,0.9526098065458085,0.060153,0.059770807062249194,0.002601,0.00015548,8.55e-06,342228.16
2025-09-01,ICICI,0.956831,0.9559988608119304,0.115135,0.1123537000594872,0.000832,9.349e-05,7.165e-05,676094.41
2025-09-01,BOB,0.912259,0.9106099330858838,0.05762,0.05662264032940485,0.001649,9.337e-05,-1.957e-05,665113.88
2025-09-01,HDFC,0.95952,0.9589587771571062,0.152315,0.14815218829949545,0.000561,8.315e-05,0.00011957,790791.37
2025-09-01,PNB,0.905607,0.9046905098545306,0.077454,0.07663738849788304,0.000916,7.024e-05,-2.086e-05,995332.98
2025-09-01,CANARA,0.905348,0.906629914405919,0.048125,0.05012777382650976,-0.001282,-6.426e-05,4.728e-05,556892.5
2025-09-01,UNION,0.9019,0.9005340664896979,0.043702,0.04602475772424416,0.001366,6.287e-05,6.899e-05,524996.68
2025-09-01,PAYTM_PB,0.933989,0.9361504907306434,0.027254,0.026674695255424024,-0.002161,-5.766e-05,3.43e-06,243911.59
2025-09-01,IDFC,0.948094,0.947259891802722,0.030122,0.029977034163681398,0.000834,2.5e-05,2.47e-06,227282.31
2025-09-01,AU_SFB,0.929562,0.9288928043293585,0.021863,0.023113463448831563,0.000669,1.547e-05,1.68e-06,234270.7
2025-09-01,YES,0.93867,0.9389032939594737,0.037736,0.037863086381506324,-0.000233,-8.83e-06,-1.1e-06,276595.38
2025-09-01,AXIS,0.946855,0.9469212935675272,0.092083,0.09253603047373037,-6.6e-05,-6.13e-06,-7.56e-06,600614.15
2025-10-01,SBI,0.732967,0.9178093529104172,0.189318,0.1933122728323901,-0.184842,-0.0357323,4.964e-05,7353281.26
2025-10-01,RRB_GRAMIN,0.833155,0.8667256719616155,0.045357,0.046834161645162554,-0.033571,-0.00157225,9.382e-05,1077760.96
2025-10-01,BOB,0.904806,0.9106099330858838,0.058071,0.05662264032940485,-0.005804,-0.00032863,-2.843e-05,940850.54
2025-10-01,PNB,0.908688,0.9046905098545306,0.075155,0.07663738849788304,0.003997,0.00030636,3.787e-05,1102206.03
2025-10-01,ICICI,0.954378,0.9559988608119304,0.116854,0.1123537000594872,-0.001621,-0.00018211,0.00011594,929788.56
2025-10-01,AXIS,0.945459,0.9469212935675272,0.092529,0.09253603047373037,-0.001462,-0.00013531,-1.2e-07,828187.37
2025-10-01,AU_SFB,0.934708,0.9288928043293585,0.021334,0.023113463448831563,0.005815,0.00013441,2.39e-06,250683.61
2025-10-01,UNION,0.897638,0.9005340664896979,0.044457,0.04602475772424416,-0.002896,-0.00013329,4.657e-05,751753.97
2025-10-01,CANARA,0.909095,0.906629914405919,0.049312,0.05012777382650976,0.002465,0.00012357,1.926e-05,728739.25
2025-10-01,HDFC,0.959557,0.9589587771571062,0.151774,0.14815218829949545,0.000598,8.863e-05,0.00010403,981959.66
2025-10-01,KOTAK,0.953825,0.9526098065458085,0.060543,0.059770807062249194,0.001215,7.263e-05,1.728e-05,464983.84
2025-10-01,IDFC,0.948803,0.947259891802722,0.030151,0.029977034163681398,0.001543,4.626e-05,2.96e-06,249063.02
2025-10-01,YES,0.939764,0.9389032939594737,0.038258,0.037863086381506324,0.000861,3.259e-05,3.42e-06,370267.17
2025-10-01,PAYTM_PB,0.936438,0.9361504907306434,0.026886,0.026674695255424024,0.000288,7.67e-06,1.25e-06,257166.66
2025-11-01,SBI,0.733583,0.9178093529104172,0.188509,0.1933122728323901,-0.184226,-0.03561321,5.969e-05,7192034.4
2025-11-01,RRB_GRAMIN,0.834862,0.8667256719616155,0.04582,0.046834161645162554,-0.031864,-0.00149231,6.441e-05,1063263.43
2025-11-01,ICICI,0.953817,0.9559988608119304,0.116692,0.1123537000594872,-0.002182,-0.00024514,0.00011177,940222.19
2025-11-01,UNION,0.897096,0.9005340664896979,0.04447,0.04602475772424416,-0.003438,-0.00015824,4.618e-05,648974.2
2025-11-01,AXIS,0.945228,0.9469212935675272,0.092097,0.09253603047373037,-0.001693,-0.00015669,-7.33e-06,784149.06
2025-11-01,BOB,0.90808,0.9106099330858838,0.058164,0.05662264032940485,-0.00253,-0.00014325,-3.025e-05,819566.66
2025-11-01,AU_SFB,0.933054,0.9288928043293585,0.021657,0.023113463448831563,0.004161,9.618e-05,1.96e-06,223064.38
2025-11-01,HDFC,0.959556,0.9589587771571062,0.153352,0.14815218829949545,0.000597,8.848e-05,0.00014935,986234.56
2025-11-01,YES,0.937022,0.9389032939594737,0.03781,0.037863086381506324,-0.001881,-7.123e-05,-4.6e-07,353767.56
2025-11-01,IDFC,0.945381,0.947259891802722,0.031062,0.029977034163681398,-0.001879,-5.632e-05,1.847e-05,240992.48
2025-11-01,PNB,0.903985,0.9046905098545306,0.076106,0.07663738849788304,-0.000706,-5.407e-05,1.357e-05,1084741.7
2025-11-01,KOTAK,0.952317,0.9526098065458085,0.059704,0.059770807062249194,-0.000293,-1.75e-05,-1.49e-06,415001.27
2025-11-01,CANARA,0.906508,0.906629914405919,0.047224,0.05012777382650976,-0.000122,-6.11e-06,6.855e-05,664885.11
2025-11-01,PAYTM_PB,0.936366,0.9361504907306434,0.027334,0.026674695255424024,0.000216,5.75e-06,3.9e-06,258582.61
2025-12-01,SBI,0.734981,0.9178093529104172,0.188586,0.1933122728323901,-0.182828,-0.03534296,5.873e-05,6190076.44
2025-12-01,RRB_GRAMIN,0.836285,0.8667256719616155,0.04695,0.046834161645162554,-0.030441,-0.00142566,-7.36e-06,911110.16
2025-12-01,ICICI,0.953539,0.9559988608119304,0.117255,0.1123537000594872,-0.00246,-0.00027637,0.00012627,759915.21
2025-12-01,KOTAK,0.949933,0.9526098065458085,0.060377,0.059770807062249194,-0.002677,-0.00015999,1.356e-05,408234.31
2025-12-01,AXIS,0.945226,0.9469212935675272,0.092455,0.09253603047373037,-0.001695,-0.00015688,-1.35e-06,716480.79
2025-12-01,PNB,0.906344,0.9046905098545306,0.075747,0.07663738849788304,0.001653,0.00012672,2.275e-05,1009940.28
2025-12-01,BOB,0.908809,0.9106099330858838,0.057454,0.05662264032940485,-0.001801,-0.00010197,-1.632e-05,666483.22
2025-12-01,PAYTM_PB,0.939108,0.9361504907306434,0.026488,0.026674695255424024,0.002958,7.889e-05,-1.1e-06,220213.16
2025-12-01,YES,0.940714,0.9389032939594737,0.037479,0.037863086381506324,0.001811,6.856e-05,-3.33e-06,290830.05
2025-12-01,UNION,0.90196,0.9005340664896979,0.044562,0.04602475772424416,0.001426,6.563e-05,4.345e-05,535357.13
2025-12-01,HDFC,0.958682,0.9589587771571062,0.153121,0.14815218829949545,-0.000277,-4.101e-05,0.00014272,872147.53
2025-12-01,IDFC,0.946192,0.947259891802722,0.030493,0.029977034163681398,-0.001068,-3.201e-05,8.78e-06,241715.77
2025-12-01,AU_SFB,0.927801,0.9288928043293585,0.021917,0.023113463448831563,-0.001092,-2.524e-05,1.61e-06,211986.19
2025-12-01,CANARA,0.906569,0.906629914405919,0.047117,0.05012777382650976,-6.1e-05,-3.05e-06,7.107e-05,661247.45
2026-01-01,SBI,0.736413,0.9178093529104172,0.188941,0.1933122728323901,-0.181396,-0.03506614,5.432e-05,5865401.78
2026-01-01,RRB_GRAMIN,0.832599,0.8667256719616155,0.045451,0.046834161645162554,-0.034127,-0.00159829,8.785e-05,897548.07
2026-01-01,CANARA,0.912439,0.906629914405919,0.047474,0.05012777382650976,0.005809,0.0002912,6.265e-05,630061.96
2026-01-01,YES,0.942317,0.9389032939594737,0.037612,0.037863086381506324,0.003414,0.00012925,-2.18e-06,278918.87
2026-01-01,PNB,0.906141,0.9046905098545306,0.076447,0.07663738849788304,0.00145,0.00011116,4.86e-06,896601.4
2026-01-01,PAYTM_PB,0.932301,0.9361504907306434,0.027015,0.026674695255424024,-0.003849,-0.00010268,2.01e-06,223287.59
2026-01-01,AU_SFB,0.93237,0.9288928043293585,0.021917,0.023113463448831563,0.003477,8.037e-05,1.61e-06,210498.46
2026-01-01,BOB,0.90943,0.9106099330858838,0.057743,0.05662264032940485,-0.00118,-6.681e-05,-2.199e-05,676969.54
2026-01-01,ICICI,0.955406,0.9559988608119304,0.116537,0.1123537000594872,-0.000593,-6.661e-05,0.00010777,691664.95
2026-01-01,KOTAK,0.951612,0.9526098065458085,0.060154,0.059770807062249194,-0.000998,-5.964e-05,8.57e-06,371363.39
2026-01-01,HDFC,0.958565,0.9589587771571062,0.152829,0.14815218829949545,-0.000394,-5.834e-05,0.00013433,887377.52
2026-01-01,AXIS,0.946473,0.9469212935675272,0.092734,0.09253603047373037,-0.000448,-4.148e-05,3.3e-06,721130.55
2026-01-01,IDFC,0.946222,0.947259891802722,0.031008,0.029977034163681398,-0.001038,-3.111e-05,1.755e-05,208506.37
2026-01-01,UNION,0.900738,0.9005340664896979,0.044136,0.04602475772424416,0.000204,9.39e-06,5.61e-05,536468.91
2026-02-01,SBI,0.824631,0.9178093529104172,0.186628,0.1933122728323901,-0.093178,-0.01801252,8.307e-05,3811231.18
2026-02-01,RRB_GRAMIN,0.831086,0.8667256719616155,0.045457,0.046834161645162554,-0.03564,-0.00166915,8.746e-05,880163.43
2026-02-01,CANARA,0.912567,0.906629914405919,0.047929,0.05012777382650976,0.005937,0.00029761,5.191e-05,534373.99
2026-02-01,ICICI,0.954184,0.9559988608119304,0.116514,0.1123537000594872,-0.001815,-0.00020391,0.00010718,728994.42
2026-02-01,IDFC,0.941951,0.947259891802722,0.031257,0.029977034163681398,-0.005309,-0.00015914,2.179e-05,248975.15
2026-02-01,AXIS,0.945773,0.9469212935675272,0.091794,0.09253603047373037,-0.001148,-0.00010626,-1.238e-05,627258.8
2026-02-01,HDFC,0.958256,0.9589587771571062,0.153857,0.14815218829949545,-0.000703,-0.00010412,0.00016386,799500.13
2026-02-01,PNB,0.905933,0.9046905098545306,0.07575,0.07663738849788304,0.001242,9.522e-05,2.267e-05,893461.41
2026-02-01,PAYTM_PB,0.932703,0.9361504907306434,0.027006,0.026674695255424024,-0.003447,-9.196e-05,1.96e-06,220702.33
2026-02-01,BOB,0.909325,0.9106099330858838,0.057083,0.05662264032940485,-0.001285,-7.276e-05,-9.04e-06,667483.19
2026-02-01,UNION,0.901777,0.9005340664896979,0.044805,0.04602475772424416,0.001243,5.721e-05,3.623e-05,504619.7
2026-02-01,AU_SFB,0.931034,0.9288928043293585,0.022476,0.023113463448831563,0.002141,4.949e-05,8.6e-07,200437.49
2026-02-01,KOTAK,0.952004,0.9526098065458085,0.062213,0.059770807062249194,-0.000606,-3.621e-05,5.464e-05,358669.69
2026-02-01,YES,0.937949,0.9389032939594737,0.037229,0.037863086381506324,-0.000954,-3.613e-05,-5.5e-06,279326.64
2026-03-01,RRB_GRAMIN,0.822093,0.8667256719616155,0.045225,0.046834161645162554,-0.044633,-0.00209033,0.0001022,1092500.9
2026-03-01,PNB,0.902266,0.9046905098545306,0.074988,0.07663738849788304,-0.002425,-0.00018581,4.214e-05,1139934.38
2026-03-01,CANARA,0.90985,0.906629914405919,0.047291,0.05012777382650976,0.00322,0.00016142,6.697e-05,626589.38
2026-03-01,HDFC,0.95998,0.9589587771571062,0.1534,0.14815218829949545,0.001021,0.0001513,0.00015073,1017364.45
2026-03-01,SBI,0.918475,0.9178093529104172,0.186965,0.1933122728323901,0.000666,0.00012868,7.888e-05,2070935.45
2026-03-01,YES,0.941816,0.9389032939594737,0.037998,0.037863086381506324,0.002913,0.00011028,1.17e-06,307272.36
2026-03-01,AXIS,0.945761,0.9469212935675272,0.092636,0.09253603047373037,-0.00116,-0.00010737,1.67e-06,715499.23
2026-03-01,KOTAK,0.954388,0.9526098065458085,0.0614,0.059770807062249194,0.001778,0.00010628,3.645e-05,410405.31
2026-03-01,UNION,0.902345,0.9005340664896979,0.045306,0.04602475772424416,0.001811,8.335e-05,2.135e-05,648496.72
2026-03-01,ICICI,0.955371,0.9559988608119304,0.117823,0.1123537000594872,-0.000628,-7.054e-05,0.0001409,811219.92
2026-03-01,AU_SFB,0.930849,0.9288928043293585,0.022166,0.023113463448831563,0.001956,4.521e-05,1.27e-06,210841.63
2026-03-01,IDFC,0.945971,0.947259891802722,0.03063,0.029977034163681398,-0.001289,-3.864e-05,1.112e-05,252218.97
2026-03-01,BOB,0.91126,0.9106099330858838,0.057587,0.05662264032940485,0.00065,3.681e-05,-1.893e-05,758084.16
2026-03-01,PAYTM_PB,0.93521,0.9361504907306434,0.026585,0.026674695255424024,-0.00094,-2.509e-05,-5.3e-07,251807.33
2026-04-01,RRB_GRAMIN,0.815461,0.8667256719616155,0.045651,0.046834161645162554,-0.051265,-0.00240094,7.514e-05,1110989.61
2026-04-01,PNB,0.900487,0.9046905098545306,0.075061,0.07663738849788304,-0.004204,-0.00032215,4.027e-05,1053828.92
2026-04-01,YES,0.94563,0.9389032939594737,0.037697,0.037863086381506324,0.006727,0.00025469,-1.44e-06,296557.83
2026-04-01,HDFC,0.959782,0.9589587771571062,0.152754,0.14815218829949545,0.000823,0.00012196,0.00013218,866292.05
2026-04-01,CANARA,0.909039,0.906629914405919,0.046869,0.05012777382650976,0.002409,0.00012076,7.693e-05,575505.59
2026-04-01,UNION,0.902938,0.9005340664896979,0.045226,0.04602475772424416,0.002404,0.00011064,2.372e-05,528703.38
2026-04-01,IDFC,0.950828,0.947259891802722,0.030523,0.029977034163681398,0.003568,0.00010696,9.29e-06,231355.66
2026-04-01,AU_SFB,0.932816,0.9288928043293585,0.02218,0.023113463448831563,0.003923,9.068e-05,1.25e-06,208566.87
2026-04-01,SBI,0.918234,0.9178093529104172,0.188757,0.1933122728323901,0.000425,8.209e-05,5.661e-05,2057785.27
2026-04-01,BOB,0.911656,0.9106099330858838,0.057757,0.05662264032940485,0.001046,5.923e-05,-2.226e-05,692617.32
2026-04-01,PAYTM_PB,0.937595,0.9361504907306434,0.026508,0.026674695255424024,0.001445,3.853e-05,-9.9e-07,220882.16
2026-04-01,ICICI,0.95618,0.9559988608119304,0.116257,0.1123537000594872,0.000181,2.035e-05,0.00010056,873284.95
2026-04-01,KOTAK,0.952856,0.9526098065458085,0.061219,0.059770807062249194,0.000246,1.472e-05,3.24e-05,427549.38
2026-04-01,AXIS,0.946833,0.9469212935675272,0.093542,0.09253603047373037,-8.8e-05,-8.17e-06,1.678e-05,756758.02
2026-05-01,RRB_GRAMIN,0.819949,0.8667256719616155,0.045716,0.046834161645162554,-0.046777,-0.00219075,7.102e-05,1106467.27
2026-05-01,SBI,0.920311,0.9178093529104172,0.187556,0.1933122728323901,0.002502,0.0004836,7.153e-05,2058378.16
2026-05-01,PNB,0.902649,0.9046905098545306,0.075016,0.07663738849788304,-0.002042,-0.00015646,4.142e-05,1015445.55
2026-05-01,AXIS,0.945348,0.9469212935675272,0.09254,0.09253603047373037,-0.001573,-0.00014559,7e-08,676301.27
2026-05-01,HDFC,0.959751,0.9589587771571062,0.151893,0.14815218829949545,0.000792,0.00011737,0.00010745,893545.42
2026-05-01,ICICI,0.957042,0.9559988608119304,0.117111,0.1123537000594872,0.001043,0.0001172,0.00012256,771562.72
2026-05-01,IDFC,0.944638,0.947259891802722,0.030515,0.029977034163681398,-0.002622,-7.86e-05,9.16e-06,235793.76
2026-05-01,CANARA,0.907949,0.906629914405919,0.047225,0.05012777382650976,0.001319,6.612e-05,6.852e-05,584657.08
2026-05-01,PAYTM_PB,0.933685,0.9361504907306434,0.02724,0.026674695255424024,-0.002465,-6.577e-05,3.34e-06,257568.47
2026-05-01,KOTAK,0.953312,0.9526098065458085,0.061769,0.059770807062249194,0.000702,4.197e-05,4.471e-05,400555.85
2026-05-01,BOB,0.911347,0.9106099330858838,0.058758,0.05662264032940485,0.000737,4.173e-05,-4.191e-05,743378.26
2026-05-01,YES,0.939509,0.9389032939594737,0.037823,0.037863086381506324,0.000606,2.293e-05,-3.5e-07,337527.49
2026-05-01,UNION,0.9001,0.9005340664896979,0.045059,0.04602475772424416,-0.000434,-1.998e-05,2.869e-05,612205.59
2026-05-01,AU_SFB,0.92817,0.9288928043293585,0.021778,0.023113463448831563,-0.000723,-1.671e-05,1.79e-06,215262.97
2026-06-01,RRB_GRAMIN,0.818611,0.8667256719616155,0.046002,0.046834161645162554,-0.048115,-0.00225341,5.285e-05,1073546.94
2026-06-01,BOB,0.906857,0.9106099330858838,0.058151,0.05662264032940485,-0.003753,-0.0002125,-3e-05,680467.97
2026-06-01,ICICI,0.954274,0.9559988608119304,0.11691,0.1123537000594872,-0.001725,-0.00019379,0.00011738,779563.05
2026-06-01,HDFC,0.96019,0.9589587771571062,0.152265,0.14815218829949545,0.001231,0.00018241,0.00011813,850929.62
2026-06-01,PNB,0.902744,0.9046905098545306,0.074351,0.07663738849788304,-0.001947,-0.00014918,5.841e-05,946663.59
2026-06-01,PAYTM_PB,0.930616,0.9361504907306434,0.026684,0.026674695255424024,-0.005534,-0.00014763,6e-08,226085.77
2026-06-01,SBI,0.917089,0.9178093529104172,0.189455,0.1933122728323901,-0.00072,-0.00013925,4.793e-05,2082102.19
2026-06-01,CANARA,0.90914,0.906629914405919,0.047236,0.05012777382650976,0.00251,0.00012583,6.826e-05,549662.83
2026-06-01,AXIS,0.945896,0.9469212935675272,0.092243,0.09253603047373037,-0.001025,-9.488e-05,-4.89e-06,718166.79
2026-06-01,AU_SFB,0.925504,0.9288928043293585,0.022243,0.023113463448831563,-0.003389,-7.833e-05,1.17e-06,239174.69
2026-06-01,IDFC,0.949513,0.947259891802722,0.030979,0.029977034163681398,0.002253,6.754e-05,1.706e-05,199734.15
2026-06-01,UNION,0.901991,0.9005340664896979,0.044596,0.04602475772424416,0.001457,6.706e-05,4.244e-05,559972.42
2026-06-01,KOTAK,0.951797,0.9526098065458085,0.06045,0.059770807062249194,-0.000813,-4.858e-05,1.52e-05,389472.32
2026-06-01,YES,0.939878,0.9389032939594737,0.038435,0.037863086381506324,0.000975,3.691e-05,4.96e-06,326609.0
2026-07-01,RRB_GRAMIN,0.812376,0.8667256719616155,0.046128,0.046834161645162554,-0.05435,-0.00254542,4.485e-05,1092537.32
2026-07-01,PNB,0.899357,0.9046905098545306,0.074474,0.07663738849788304,-0.005334,-0.00040875,5.527e-05,1008194.45
2026-07-01,SBI,0.918927,0.9178093529104172,0.189294,0.1933122728323901,0.001118,0.00021605,4.994e-05,2004695.04
2026-07-01,HDFC,0.960361,0.9589587771571062,0.151071,0.14815218829949545,0.001402,0.00020774,8.384e-05,856583.52
2026-07-01,AXIS,0.945377,0.9469212935675272,0.092678,0.09253603047373037,-0.001544,-0.0001429,2.37e-06,654036.7
2026-07-01,UNION,0.897505,0.9005340664896979,0.045445,0.04602475772424416,-0.003029,-0.00013941,1.722e-05,564912.23
2026-07-01,CANARA,0.909238,0.906629914405919,0.047615,0.05012777382650976,0.002608,0.00013074,5.932e-05,557641.41
2026-07-01,ICICI,0.956684,0.9559988608119304,0.117529,0.1123537000594872,0.000685,7.698e-05,0.00013333,619493.2
2026-07-01,YES,0.940825,0.9389032939594737,0.038129,0.037863086381506324,0.001922,7.276e-05,2.3e-06,322631.76
2026-07-01,IDFC,0.949547,0.947259891802722,0.030491,0.029977034163681398,0.002287,6.856e-05,8.75e-06,202082.87
2026-07-01,BOB,0.911526,0.9106099330858838,0.057638,0.05662264032940485,0.000916,5.187e-05,-1.993e-05,684562.29
2026-07-01,KOTAK,0.951826,0.9526098065458085,0.060674,0.059770807062249194,-0.000784,-4.685e-05,2.021e-05,406017.81
2026-07-01,PAYTM_PB,0.936811,0.9361504907306434,0.02687,0.026674695255424024,0.000661,1.762e-05,1.16e-06,213271.44
2026-07-01,AU_SFB,0.928923,0.9288928043293585,0.021964,0.023113463448831563,3e-05,7e-07,1.54e-06,205755.22
